,FullName,Goals,ShootOnGoals,Shoots,PlayerClub,LastName_x,FirstName_x,ForKey,FirstName_y,LastName_y,Country,Club,Position,Age,Acceleration,Aggression,Finishing,FreeKickAccuracy,LongPassing,LongShots,Penalties,ShortPassing,SprintSpeed,Quality
0,"Messi, Lionel",9,22,47,BAR,Messi,Lionel,LioMesBAR,Lionel,Messi,Argentina,BAR,Centre Forward,31.0,99.0,66.0,99.0,99.0,96.0,99.0,81.0,99.0,94.0,gold
1,"Messi, Lionel",9,22,47,BAR,Messi,Lionel,LioMesBAR,Lionel,Messi,Argentina,BAR,Striker,31.0,93.0,51.0,97.0,98.0,90.0,96.0,76.0,94.0,87.0,gold
2,"Messi, Lionel",9,22,47,BAR,Messi,Lionel,LioMesBAR,Lionel,Messi,Argentina,BAR,Striker,31.0,93.0,51.0,97.0,98.0,90.0,96.0,76.0,94.0,87.0,gold
3,"Messi, Lionel",9,22,47,BAR,Messi,Lionel,LioMesBAR,Lionel,Messi,Argentina,BAR,Centre Forward,31.0,92.0,48.0,96.0,95.0,87.0,95.0,75.0,91.0,86.0,gold
4,"Messi, Lionel",9,22,47,BAR,Messi,Lionel,LioMesBAR,Lionel,Messi,Argentina,BAR,Right Wing,31.0,92.0,50.0,96.0,96.0,88.0,95.0,75.0,92.0,86.0,gold
5,"Messi, Lionel",9,22,47,BAR,Messi,Lionel,LioMesBAR,Lionel,Messi,Argentina,BAR,Centre Forward,31.0,91.0,48.0,95.0,94.0,87.0,94.0,75.0,90.0,86.0,gold
7,"Stuani, Cristhian",8,11,20,GIR,Stuani,Cristhian,CriStuGIR,Cristhian,Stuani,Uruguay,GIR,Striker,32.0,73.0,81.0,86.0,62.0,71.0,80.0,86.0,81.0,69.0,gold
8,"Stuani, Cristhian",8,11,20,GIR,Stuani,Cristhian,CriStuGIR,Cristhian,Stuani,Uruguay,GIR,Striker,32.0,73.0,81.0,86.0,62.0,71.0,80.0,86.0,81.0,69.0,gold
9,"Stuani, Cristhian",8,11,20,GIR,Stuani,Cristhian,CriStuGIR,Cristhian,Stuani,Uruguay,GIR,Striker,32.0,71.0,79.0,84.0,59.0,67.0,78.0,84.0,77.0,67.0,gold
10,"Stuani, Cristhian",8,11,20,GIR,Stuani,Cristhian,CriStuGIR,Cristhian,Stuani,Uruguay,GIR,Striker,32.0,71.0,79.0,84.0,59.0,67.0,78.0,84.0,77.0,67.0,gold
11,"Stuani, Cristhian",8,11,20,GIR,Stuani,Cristhian,CriStuGIR,Cristhian,Stuani,Uruguay,GIR,Striker,32.0,67.0,77.0,80.0,57.0,65.0,75.0,80.0,74.0,64.0,gold
12,"Aspas, Iago",8,15,29,CEL,Aspas,Iago,IagAspCEL,Iago,Aspas Juncal,Spain,CEL,Striker,31.0,87.0,65.0,93.0,79.0,67.0,84.0,84.0,85.0,79.0,gold
13,"Aspas, Iago",8,15,29,CEL,Aspas,Iago,IagAspCEL,Iago,Aspas Juncal,Spain,CEL,Striker,31.0,87.0,65.0,93.0,79.0,67.0,84.0,84.0,85.0,79.0,gold
14,"Aspas, Iago",8,15,29,CEL,Aspas,Iago,IagAspCEL,Iago,Aspas Juncal,Spain,CEL,Striker,31.0,86.0,63.0,92.0,77.0,65.0,83.0,83.0,83.0,78.0,gold
15,"Aspas, Iago",8,15,29,CEL,Aspas,Iago,IagAspCEL,Iago,Aspas Juncal,Spain,CEL,Striker,31.0,86.0,63.0,92.0,77.0,65.0,83.0,83.0,83.0,78.0,gold
16,"Aspas, Iago",8,15,29,CEL,Aspas,Iago,IagAspCEL,Iago,Aspas Juncal,Spain,CEL,Right Wing,31.0,85.0,63.0,90.0,76.0,64.0,82.0,82.0,81.0,78.0,gold
17,"Iglesias, Borja",7,18,32,ESP,Iglesias,Borja,BorIglESP,Borja,Iglesias Quintas,Spain,ESP,Striker,26.0,59.0,42.0,83.0,36.0,64.0,75.0,78.0,68.0,65.0,gold
19,"Ben Yedder, Wissam",6,11,25,SEV,Ben Yedder,Wissam,WisBenSEV,Wissam,Ben Yedder,France,SEV,Striker,28.0,92.0,60.0,90.0,82.0,71.0,75.0,76.0,81.0,87.0,gold
20,"Ben Yedder, Wissam",6,11,25,SEV,Ben Yedder,Wissam,WisBenSEV,Wissam,Ben Yedder,France,SEV,Striker,28.0,90.0,58.0,88.0,81.0,70.0,73.0,74.0,80.0,85.0,gold
21,"Ben Yedder, Wissam",6,11,25,SEV,Ben Yedder,Wissam,WisBenSEV,Wissam,Ben Yedder,France,SEV,Striker,28.0,87.0,55.0,83.0,76.0,66.0,69.0,70.0,75.0,83.0,gold
23,"Marti, Roger",6,9,22,LEV,Marti,Roger,RogMarLEV,Roger,Martí Salvador,Spain,LEV,Striker,28.0,78.0,65.0,78.0,46.0,48.0,72.0,78.0,71.0,79.0,gold
24,"Benzema, Karim",5,12,32,RMD,Benzema,Karim,KarBenRMD,Karim,Benzema,France,RMD,Striker,31.0,79.0,69.0,82.0,76.0,57.0,79.0,87.0,86.0,79.0,gold
25,"Benzema, Karim",5,12,32,RMD,Benzema,Karim,KarBenRMD,Karim,Benzema,France,RMD,Striker,31.0,77.0,65.0,78.0,73.0,55.0,75.0,83.0,83.0,77.0,gold
26,"Benzema, Karim",5,12,32,RMD,Benzema,Karim,KarBenRMD,Karim,Benzema,France,RMD,Striker,31.0,76.0,65.0,78.0,73.0,55.0,75.0,82.0,82.0,76.0,gold
27,"Muniain, Iker",4,4,6,ATH,Muniain,Iker,IkeMunATH,Iker,Muniain Goñi,Spain,ATH,Left Wing,26.0,83.0,66.0,76.0,69.0,65.0,72.0,61.0,75.0,75.0,gold
29,"Coutinho, Philippe",4,16,29,BAR,Coutinho,Philippe,PhiCouBAR,Philippe,Coutinho Correia,Brazil,BAR,Left Wing,26.0,91.0,57.0,78.0,88.0,82.0,95.0,71.0,90.0,76.0,gold
30,"Coutinho, Philippe",4,16,29,BAR,Coutinho,Philippe,PhiCouBAR,Philippe,Coutinho Correia,Brazil,BAR,Left Wing,26.0,90.0,55.0,77.0,87.0,81.0,94.0,70.0,89.0,75.0,gold
31,"Coutinho, Philippe",4,16,29,BAR,Coutinho,Philippe,PhiCouBAR,Philippe,Coutinho Correia,Brazil,BAR,Left Wing,26.0,89.0,55.0,77.0,86.0,81.0,93.0,70.0,88.0,75.0,gold
32,"Dembele, Ousmane",4,9,21,BAR,Dembele,Ousmane,OusDemBAR,Ousmane,Dembélé,France,BAR,Left Wing,21.0,93.0,56.0,80.0,67.0,73.0,69.0,78.0,80.0,89.0,gold
33,"Dembele, Ousmane",4,9,21,BAR,Dembele,Ousmane,OusDemBAR,Ousmane,Dembélé,France,BAR,Left Wing,21.0,93.0,56.0,80.0,67.0,73.0,69.0,78.0,80.0,89.0,gold
34,"Dembele, Ousmane",4,9,21,BAR,Dembele,Ousmane,OusDemBAR,Ousmane,Dembélé,France,BAR,Right Wing,21.0,92.0,54.0,77.0,64.0,70.0,66.0,76.0,77.0,88.0,gold
35,"Dembele, Ousmane",4,9,21,BAR,Dembele,Ousmane,OusDemBAR,Ousmane,Dembélé,France,BAR,Right Wing,21.0,91.0,54.0,76.0,64.0,70.0,66.0,75.0,76.0,88.0,gold
36,"Ramos, Sergio",4,9,18,RMD,Ramos,Sergio,SerRamRMD,Sergio,Ramos García,Spain,RMD,Centre Back,32.0,86.0,96.0,76.0,83.0,90.0,69.0,86.0,97.0,85.0,gold
37,"Ramos, Sergio",4,9,18,RMD,Ramos,Sergio,SerRamRMD,Sergio,Ramos García,Spain,RMD,Centre Back,32.0,77.0,85.0,60.0,67.0,73.0,55.0,69.0,79.0,76.0,gold
38,"Ramos, Sergio",4,9,18,RMD,Ramos,Sergio,SerRamRMD,Sergio,Ramos García,Spain,RMD,Centre Back,32.0,76.0,84.0,60.0,67.0,72.0,55.0,68.0,78.0,75.0,gold
39,"Sarabia, Pablo",4,11,28,SEV,Sarabia,Pablo,PabSarSEV,Pablo,Sarabia García,Spain,SEV,Centre Midfielder,26.0,74.0,33.0,81.0,75.0,78.0,78.0,64.0,86.0,77.0,gold
40,"Sarabia, Pablo",4,11,28,SEV,Sarabia,Pablo,PabSarSEV,Pablo,Sarabia García,Spain,SEV,Centre Midfielder,26.0,74.0,33.0,81.0,75.0,78.0,78.0,64.0,86.0,77.0,gold
41,"Sarabia, Pablo",4,11,28,SEV,Sarabia,Pablo,PabSarSEV,Pablo,Sarabia García,Spain,SEV,Right Midfielder,26.0,72.0,32.0,77.0,73.0,76.0,75.0,61.0,83.0,74.0,gold
42,"Morales, Jose Luis",4,11,22,LEV,Morales,Jose Luis,JosMorLEV,José Luis,Morales Nogales,Spain,LEV,Left Midfielder,31.0,88.0,58.0,78.0,72.0,68.0,80.0,76.0,75.0,87.0,gold
47,"Sobrino, Ruben",3,5,13,ALA,Sobrino,Ruben,RubSobALA,Rubén,Sobrino Pozuelo,Spain,ALA,Striker,26.0,79.0,65.0,78.0,57.0,47.0,74.0,66.0,73.0,85.0,gold
49,"Bale, Gareth",3,17,40,RMD,Bale,Gareth,GarBalRMD,Gareth,Bale,Wales,RMD,Right Wing,29.0,95.0,70.0,90.0,92.0,84.0,96.0,80.0,90.0,97.0,gold
50,"Bale, Gareth",3,17,40,RMD,Bale,Gareth,GarBalRMD,Gareth,Bale,Wales,RMD,Right Wing,29.0,94.0,65.0,86.0,88.0,80.0,92.0,76.0,86.0,96.0,gold
51,"Bale, Gareth",3,17,40,RMD,Bale,Gareth,GarBalRMD,Gareth,Bale,Wales,RMD,Right Wing,29.0,94.0,66.0,86.0,89.0,81.0,92.0,76.0,87.0,96.0,gold
52,"Bale, Gareth",3,17,40,RMD,Bale,Gareth,GarBalRMD,Gareth,Bale,Wales,RMD,Right Wing,29.0,94.0,65.0,86.0,87.0,80.0,91.0,76.0,85.0,95.0,gold
53,"Canales, Sergio",3,10,32,BET,Canales,Sergio,SerCanBET,Sergio,Canales Madrazo,Spain,BET,Centre Attacking Midfielder,27.0,64.0,55.0,77.0,76.0,70.0,78.0,66.0,84.0,57.0,gold
54,"Oyarzabal, Mikel",3,7,13,RSO,Oyarzabal,Mikel,MikOyaRSO,Mikel,Oyarzabal Ugarte,Spain,RSO,Left Wing,21.0,71.0,40.0,77.0,71.0,73.0,79.0,47.0,80.0,74.0,gold
56,"Moron, Loren",3,12,27,BET,Moron,Loren,LorMorBET,Lorenzo,Morón García,Spain,BET,Striker,25.0,63.0,38.0,86.0,53.0,35.0,80.0,77.0,74.0,66.0,gold
57,"Griezmann, Antoine",3,13,30,ATL,Griezmann,Antoine,AntGriATL,Antoine,Griezmann,France,ATL,Striker,27.0,90.0,71.0,95.0,79.0,79.0,84.0,76.0,86.0,86.0,gold
58,"Griezmann, Antoine",3,13,30,ATL,Griezmann,Antoine,AntGriATL,Antoine,Griezmann,France,ATL,Striker,27.0,92.0,72.0,95.0,78.0,78.0,84.0,76.0,85.0,88.0,gold
59,"Griezmann, Antoine",3,13,30,ATL,Griezmann,Antoine,AntGriATL,Antoine,Griezmann,France,ATL,Striker,27.0,92.0,72.0,95.0,78.0,78.0,84.0,76.0,85.0,88.0,gold
60,"Griezmann, Antoine",3,13,30,ATL,Griezmann,Antoine,AntGriATL,Antoine,Griezmann,France,ATL,Striker,27.0,89.0,69.0,93.0,76.0,76.0,82.0,74.0,83.0,85.0,gold
61,"Griezmann, Antoine",3,13,30,ATL,Griezmann,Antoine,AntGriATL,Antoine,Griezmann,France,ATL,Striker,27.0,90.0,71.0,93.0,76.0,76.0,82.0,74.0,83.0,86.0,gold
62,"Griezmann, Antoine",3,13,30,ATL,Griezmann,Antoine,AntGriATL,Antoine,Griezmann,France,ATL,Striker,27.0,88.0,69.0,92.0,76.0,76.0,82.0,74.0,82.0,85.0,gold
63,"Griezmann, Antoine",3,13,30,ATL,Griezmann,Antoine,AntGriATL,Antoine,Griezmann,France,ATL,Striker,27.0,88.0,69.0,92.0,76.0,76.0,82.0,74.0,82.0,85.0,gold
64,"El Zhar, Nabil",3,6,14,LGN,El Zhar,Nabil,NabEl LGN,Nabil,El Zhar,Morocco,LGN,Right Midfielder,32.0,76.0,58.0,74.0,58.0,64.0,71.0,72.0,77.0,68.0,gold
65,"Molina, Jorge",3,8,15,GET,Molina,Jorge,JorMolGET,Jorge,Molina Vidal,Spain,GET,Striker,36.0,34.0,76.0,79.0,59.0,57.0,75.0,80.0,75.0,41.0,gold
67,"Carrillo, Guido",3,8,19,LGN,Carrillo,Guido,GuiCarLGN,Guido,Carrillo,Argentina,LGN,Striker,27.0,57.0,72.0,75.0,36.0,57.0,72.0,77.0,64.0,62.0,gold
68,"Calleri, Jonathan",3,7,16,ALA,Calleri,Jonathan,JonCalALA,Jonathan,Calleri,Argentina,ALA,Striker,25.0,74.0,68.0,81.0,38.0,63.0,73.0,66.0,72.0,76.0,gold
69,"Calleri, Jonathan",3,7,16,ALA,Calleri,Jonathan,JonCalALA,Jonathan,Calleri,Argentina,ALA,Striker,25.0,74.0,68.0,81.0,38.0,63.0,73.0,66.0,72.0,76.0,gold
70,"Calleri, Jonathan",3,7,16,ALA,Calleri,Jonathan,JonCalALA,Jonathan,Calleri,Argentina,ALA,Striker,25.0,71.0,65.0,76.0,35.0,58.0,69.0,62.0,66.0,72.0,gold
71,"Enrich, Sergi",2,5,18,EIB,Enrich,Sergi,SerEnrEIB,Sergi,Enrich Ametller,Spain,EIB,Striker,28.0,60.0,66.0,81.0,47.0,61.0,70.0,63.0,79.0,65.0,gold
72,"Jordan, Joan",2,7,20,EIB,Jordan,Joan,JoaJorEIB,Joan,Jordán Moreno,Spain,EIB,Centre Midfielder,24.0,68.0,64.0,82.0,70.0,81.0,83.0,66.0,83.0,72.0,gold
73,"Jordan, Joan",2,7,20,EIB,Jordan,Joan,JoaJorEIB,Joan,Jordán Moreno,Spain,EIB,Centre Midfielder,24.0,68.0,64.0,82.0,70.0,81.0,83.0,66.0,83.0,72.0,gold
74,"Jordan, Joan",2,7,20,EIB,Jordan,Joan,JoaJorEIB,Joan,Jordán Moreno,Spain,EIB,Centre Midfielder,24.0,65.0,61.0,77.0,67.0,77.0,78.0,62.0,79.0,68.0,gold
76,"Rakitic, Ivan",2,6,16,BAR,Rakitic,Ivan,IvaRakBAR,Ivan,Rakitić,Croatia,BAR,Centre Midfielder,30.0,67.0,67.0,83.0,84.0,91.0,91.0,82.0,88.0,59.0,gold
77,"Rakitic, Ivan",2,6,16,BAR,Rakitic,Ivan,IvaRakBAR,Ivan,Rakitić,Croatia,BAR,Centre Midfielder,30.0,69.0,67.0,83.0,84.0,91.0,91.0,82.0,88.0,61.0,gold
78,"Rakitic, Ivan",2,6,16,BAR,Rakitic,Ivan,IvaRakBAR,Ivan,Rakitić,Croatia,BAR,Centre Midfielder,30.0,66.0,67.0,83.0,84.0,90.0,90.0,82.0,87.0,59.0,gold
79,"Granero, Esteban",2,4,13,ESP,Granero,Esteban,EstGraESP,Esteban,Granero Molina,Spain,ESP,Centre Midfielder,31.0,55.0,72.0,71.0,76.0,82.0,78.0,73.0,83.0,50.0,gold
80,"Hermoso, Mario",2,7,14,ESP,Hermoso,Mario,MarHerESP,Mario,Hermoso Canseco,Spain,ESP,Centre Back,23.0,78.0,73.0,29.0,55.0,58.0,32.0,45.0,64.0,88.0,silver
81,"Moreno, Gerard",2,14,31,VIL,Moreno,Gerard,GerMorVIL,Gerard,Moreno Balagueró,Spain,VIL,Striker,26.0,79.0,58.0,87.0,59.0,59.0,80.0,76.0,82.0,83.0,gold
82,"Moreno, Gerard",2,14,31,VIL,Moreno,Gerard,GerMorVIL,Gerard,Moreno Balagueró,Spain,VIL,Striker,26.0,77.0,55.0,83.0,56.0,56.0,77.0,73.0,78.0,80.0,gold
85,"Parejo, Dani",2,2,9,VAL,Parejo,Dani,DanParVAL,Daniel,Parejo Muñoz,Spain,VAL,Centre Midfielder,29.0,54.0,65.0,82.0,92.0,88.0,86.0,87.0,92.0,45.0,gold
86,"Parejo, Dani",2,2,9,VAL,Parejo,Dani,DanParVAL,Daniel,Parejo Muñoz,Spain,VAL,Centre Midfielder,29.0,54.0,65.0,82.0,92.0,88.0,86.0,87.0,92.0,45.0,gold
87,"Parejo, Dani",2,2,9,VAL,Parejo,Dani,DanParVAL,Daniel,Parejo Muñoz,Spain,VAL,Centre Midfielder,29.0,52.0,63.0,79.0,91.0,87.0,83.0,84.0,91.0,43.0,gold
88,"Parejo, Dani",2,2,9,VAL,Parejo,Dani,DanParVAL,Daniel,Parejo Muñoz,Spain,VAL,Centre Midfielder,29.0,52.0,63.0,80.0,91.0,87.0,84.0,85.0,91.0,43.0,gold
89,"Parejo, Dani",2,2,9,VAL,Parejo,Dani,DanParVAL,Daniel,Parejo Muñoz,Spain,VAL,Centre Midfielder,29.0,52.0,63.0,80.0,91.0,87.0,84.0,85.0,91.0,43.0,gold
90,"Parejo, Dani",2,2,9,VAL,Parejo,Dani,DanParVAL,Daniel,Parejo Muñoz,Spain,VAL,Centre Midfielder,29.0,51.0,63.0,79.0,90.0,87.0,82.0,83.0,90.0,43.0,gold
92,"Toko Ekambi, Karl",2,12,20,VIL,Toko Ekambi,Karl,KarTokVIL,Karl,Toko-Ekambi,Cameroon,VIL,Striker,26.0,86.0,43.0,83.0,63.0,58.0,72.0,69.0,69.0,83.0,gold
94,"Firpo, Junior",2,5,13,BET,Firpo,Junior,JunFirBET,Junior,Firpo,Dominican Republic,BET,Left Wing Back,22.0,78.0,59.0,64.0,47.0,77.0,69.0,43.0,79.0,74.0,gold
95,"Firpo, Junior",2,5,13,BET,Firpo,Junior,JunFirBET,Junior,Firpo,Dominican Republic,BET,Left Wing Back,22.0,78.0,59.0,64.0,47.0,77.0,69.0,43.0,79.0,74.0,gold
96,"Firpo, Junior",2,5,13,BET,Firpo,Junior,JunFirBET,Junior,Firpo,Dominican Republic,BET,Left Back,22.0,72.0,55.0,57.0,43.0,70.0,61.0,38.0,72.0,69.0,gold
97,"Firpo, Junior",2,5,13,BET,Firpo,Junior,JunFirBET,Junior,Firpo,Dominican Republic,BET,Left Back,22.0,72.0,55.0,57.0,43.0,70.0,61.0,38.0,72.0,69.0,gold
102,"Godin, Diego",2,5,9,ATL,Godin,Diego,DieGodATL,Diego,Godín,Uruguay,ATL,Centre Back,32.0,69.0,89.0,42.0,51.0,71.0,43.0,51.0,80.0,69.0,gold
103,"Godin, Diego",2,5,9,ATL,Godin,Diego,DieGodATL,Diego,Godín,Uruguay,ATL,Centre Back,32.0,70.0,89.0,43.0,52.0,72.0,44.0,52.0,81.0,70.0,gold
104,"Godin, Diego",2,5,9,ATL,Godin,Diego,DieGodATL,Diego,Godín,Uruguay,ATL,Centre Back,32.0,70.0,89.0,43.0,52.0,72.0,44.0,52.0,81.0,70.0,gold
105,"Godin, Diego",2,5,9,ATL,Godin,Diego,DieGodATL,Diego,Godín,Uruguay,ATL,Centre Back,32.0,68.0,88.0,42.0,51.0,70.0,43.0,50.0,79.0,68.0,gold
107,"Lemar, Thomas",2,3,8,ATL,Lemar,Thomas,ThoLemATL,Thomas,Lemar,France,ATL,Left Midfielder,23.0,87.0,63.0,75.0,81.0,75.0,77.0,68.0,85.0,84.0,gold
108,"Lemar, Thomas",2,3,8,ATL,Lemar,Thomas,ThoLemATL,Thomas,Lemar,France,ATL,Left Midfielder,23.0,86.0,63.0,75.0,81.0,75.0,76.0,68.0,84.0,84.0,gold
109,"Lemar, Thomas",2,3,8,ATL,Lemar,Thomas,ThoLemATL,Thomas,Lemar,France,ATL,Left Midfielder,23.0,86.0,63.0,75.0,81.0,75.0,76.0,68.0,84.0,84.0,gold
112,"Boufal, Sofiane",2,6,14,CEL,Boufal,Sofiane,SofBouCEL,Sofiane,Boufal,Morocco,CEL,Left Wing,25.0,84.0,47.0,68.0,63.0,66.0,65.0,69.0,75.0,79.0,gold
113,"Vidal, Arturo",2,3,4,BAR,Vidal,Arturo,ArtVidBAR,Arturo,Vidal,Chile,BAR,Centre Defensive Midfielder,31.0,61.0,94.0,75.0,68.0,78.0,86.0,82.0,84.0,55.0,gold
114,"Vidal, Arturo",2,3,4,BAR,Vidal,Arturo,ArtVidBAR,Arturo,Vidal,Chile,BAR,Centre Defensive Midfielder,31.0,60.0,93.0,75.0,68.0,78.0,85.0,81.0,83.0,55.0,gold
116,"Pozo, Jose",2,3,7,RV,Pozo,Jose,JosPozRV,José Ángel,Pozo la Rosa,Spain,RV,Centre Attacking Midfielder,22.0,74.0,39.0,70.0,64.0,75.0,74.0,66.0,77.0,72.0,silver
117,"Foulquier, Dimitri",2,3,6,GET,Foulquier,Dimitri,DimFouGET,Dimitri,Foulquier,France,GET,Right Back,25.0,66.0,67.0,47.0,40.0,59.0,49.0,49.0,67.0,75.0,silver
118,"Arbilla, Anaitz",1,2,10,EIB,Arbilla,Anaitz,AnaArbEIB,Anaitz,Arbilla Zabala,Spain,EIB,Centre Back,31.0,55.0,84.0,40.0,82.0,65.0,68.0,47.0,77.0,70.0,gold
119,"Diop, Pape",1,5,18,EIB,Diop,Pape,PapDioEIB,Papakouli,Diop,Senegal,EIB,Centre Defensive Midfielder,32.0,50.0,89.0,57.0,69.0,72.0,71.0,61.0,74.0,54.0,gold
120,"Escalante, Gonzalo",1,2,5,EIB,Escalante,Gonzalo,GonEscEIB,Gonzalo,Escalante,Argentina,EIB,Centre Defensive Midfielder,25.0,71.0,85.0,56.0,52.0,74.0,58.0,64.0,76.0,72.0,gold
122,"Alcala, Pedro",1,1,4,GIR,Alcala,Pedro,PedAlcGIR,Pedro,Alcalá Guirado,Spain,GIR,Centre Back,29.0,31.0,77.0,30.0,65.0,66.0,68.0,39.0,71.0,42.0,gold
123,"Garcia, Borja",1,5,15,GIR,Garcia,Borja,BorGarGIR,Borja,García Freire,Spain,GIR,Left Midfielder,28.0,81.0,52.0,77.0,54.0,80.0,78.0,62.0,82.0,77.0,gold
124,"Pons, Pere",1,2,7,GIR,Pons,Pere,PerPonGIR,Pere,Pons Riera,Spain,GIR,Centre Midfielder,25.0,68.0,75.0,65.0,62.0,80.0,64.0,45.0,82.0,67.0,gold
126,"El Haddadi, Munir",1,1,3,BAR,El Haddadi,Munir,MunEl BAR,Munir,El Haddadi,Spain,BAR,Striker,23.0,78.0,38.0,79.0,67.0,58.0,77.0,66.0,78.0,81.0,gold
127,"El Haddadi, Munir",1,1,3,BAR,El Haddadi,Munir,MunEl BAR,Munir,El Haddadi,Spain,BAR,Striker,23.0,78.0,38.0,78.0,67.0,58.0,77.0,66.0,77.0,80.0,gold
128,"Garcia, Manu",1,2,9,ALA,Garcia,Manu,ManGarALA,Manuel,García Sánchez,Spain,ALA,Centre Defensive Midfielder,32.0,46.0,90.0,60.0,54.0,73.0,53.0,71.0,77.0,61.0,gold
129,"Pedraza, Alfonso",1,5,10,VIL,Pedraza,Alfonso,AlfPedVIL,Alfonso,Pedraza Sag,Spain,VIL,Left Midfielder,22.0,78.0,58.0,72.0,57.0,68.0,66.0,64.0,70.0,83.0,gold
130,"Pina, Tomas",1,1,1,ALA,Pina,Tomas,TomPinALA,Tomás,Pina Isla,Spain,ALA,Centre Midfielder,31.0,67.0,79.0,68.0,64.0,83.0,75.0,65.0,84.0,60.0,gold
131,"Pina, Tomas",1,1,1,ALA,Pina,Tomas,TomPinALA,Tomás,Pina Isla,Spain,ALA,Centre Midfielder,31.0,67.0,79.0,68.0,64.0,83.0,75.0,65.0,84.0,60.0,gold
132,"Pina, Tomas",1,1,1,ALA,Pina,Tomas,TomPinALA,Tomás,Pina Isla,Spain,ALA,Centre Midfielder,31.0,60.0,73.0,62.0,60.0,78.0,68.0,59.0,79.0,54.0,gold
134,"De Marcos, Oscar",1,1,4,ATH,De Marcos,Oscar,OscDe ATH,Oscar,De Marcos Arana,Spain,ATH,Right Back,29.0,80.0,79.0,65.0,56.0,73.0,62.0,61.0,80.0,91.0,gold
135,"De Marcos, Oscar",1,1,4,ATH,De Marcos,Oscar,OscDe ATH,Oscar,De Marcos Arana,Spain,ATH,Right Back,29.0,79.0,77.0,59.0,53.0,69.0,56.0,55.0,75.0,89.0,gold
136,"Etxeita, Xabier",1,3,4,HUE,Etxeita,Xabier,XabEtxHUE,Xabier,Etxeita Gorritxat.,Spain,HUE,Centre Back,31.0,37.0,83.0,29.0,43.0,54.0,34.0,30.0,63.0,53.0,silver
139,"Susaeta, Markel",1,4,10,ATH,Susaeta,Markel,MarSusATH,Markel,Susaeta Laskurain,Spain,ATH,Right Wing,31.0,80.0,68.0,69.0,82.0,81.0,75.0,58.0,82.0,71.0,gold
140,"Alba, Jordi",1,3,7,BAR,Alba,Jordi,JorAlbBAR,Jordi,Alba Ramos,Spain,BAR,Left Back,29.0,94.0,76.0,74.0,63.0,74.0,66.0,59.0,85.0,94.0,gold
141,"Alba, Jordi",1,3,7,BAR,Alba,Jordi,JorAlbBAR,Jordi,Alba Ramos,Spain,BAR,Left Back,29.0,94.0,77.0,74.0,64.0,75.0,66.0,59.0,86.0,94.0,gold
142,"Alba, Jordi",1,3,7,BAR,Alba,Jordi,JorAlbBAR,Jordi,Alba Ramos,Spain,BAR,Left Back,29.0,93.0,75.0,73.0,63.0,74.0,66.0,59.0,84.0,93.0,gold
143,"Pique, Gerard",1,3,10,BAR,Pique,Gerard,GerPiqBAR,Gerard,Piqué Bernabeu,Spain,BAR,Centre Back,31.0,53.0,75.0,66.0,44.0,82.0,52.0,71.0,83.0,65.0,gold
144,"Pique, Gerard",1,3,10,BAR,Pique,Gerard,GerPiqBAR,Gerard,Piqué Bernabeu,Spain,BAR,Centre Back,31.0,49.0,72.0,65.0,43.0,81.0,51.0,70.0,82.0,61.0,gold
145,"Pique, Gerard",1,3,10,BAR,Pique,Gerard,GerPiqBAR,Gerard,Piqué Bernabeu,Spain,BAR,Centre Back,31.0,50.0,73.0,66.0,43.0,81.0,52.0,71.0,82.0,62.0,gold
146,"Pique, Gerard",1,3,10,BAR,Pique,Gerard,GerPiqBAR,Gerard,Piqué Bernabeu,Spain,BAR,Centre Back,31.0,50.0,73.0,66.0,43.0,81.0,52.0,71.0,82.0,62.0,gold
147,"Pique, Gerard",1,3,10,BAR,Pique,Gerard,GerPiqBAR,Gerard,Piqué Bernabeu,Spain,BAR,Centre Back,31.0,49.0,72.0,64.0,43.0,80.0,51.0,69.0,81.0,60.0,gold
148,"Mallo, Hugo",1,3,10,CEL,Mallo,Hugo,HugMalCEL,Hugo,Mallo Novegil,Spain,CEL,Right Back,27.0,71.0,76.0,28.0,38.0,68.0,39.0,23.0,71.0,71.0,gold
149,"Sisto, Pione",1,6,10,CEL,Sisto,Pione,PioSisCEL,Pione,Sisto,Denmark,CEL,Left Wing,23.0,81.0,52.0,76.0,75.0,65.0,72.0,66.0,70.0,81.0,gold
151,"Darder, Sergi",1,4,21,ESP,Darder,Sergi,SerDarESP,Sergi,Darder Moll,Spain,ESP,Centre Midfielder,25.0,58.0,71.0,59.0,58.0,81.0,69.0,55.0,84.0,45.0,gold
152,"Garcia, Sergio",1,9,22,ESP,Garcia,Sergio,SerGarESP,Sergio,García de la Fuente,Spain,ESP,Striker,35.0,70.0,61.0,76.0,64.0,72.0,74.0,80.0,76.0,69.0,gold
153,"Piatti, Pablo",1,6,9,ESP,Piatti,Pablo,PabPiaESP,Pablo,Piatti,Argentina,ESP,Left Midfielder,29.0,89.0,55.0,76.0,58.0,70.0,72.0,64.0,76.0,83.0,gold
154,"Asensio, Marco",1,7,21,RMD,Asensio,Marco,MarAseRMD,Marco,Asensio Willemsen,Spain,RMD,Left Wing,22.0,84.0,45.0,85.0,76.0,82.0,89.0,62.0,86.0,80.0,gold
155,"Asensio, Marco",1,7,21,RMD,Asensio,Marco,MarAseRMD,Marco,Asensio Willemsen,Spain,RMD,Left Wing,22.0,83.0,45.0,84.0,76.0,82.0,88.0,62.0,85.0,80.0,gold
156,"Carvajal, Dani",1,3,5,RMD,Carvajal,Dani,DanCarRMD,Daniel,Carvajal Ramos,Spain,RMD,Right Back,27.0,80.0,83.0,44.0,49.0,74.0,39.0,48.0,85.0,86.0,gold
157,"Carvajal, Dani",1,3,5,RMD,Carvajal,Dani,DanCarRMD,Daniel,Carvajal Ramos,Spain,RMD,Right Back,27.0,80.0,83.0,44.0,49.0,74.0,39.0,48.0,85.0,86.0,gold
158,"Carvajal, Dani",1,3,5,RMD,Carvajal,Dani,DanCarRMD,Daniel,Carvajal Ramos,Spain,RMD,Right Back,27.0,79.0,82.0,41.0,47.0,71.0,36.0,46.0,82.0,85.0,gold
159,"Carvajal, Dani",1,3,5,RMD,Carvajal,Dani,DanCarRMD,Daniel,Carvajal Ramos,Spain,RMD,Right Back,27.0,79.0,81.0,41.0,47.0,71.0,36.0,45.0,81.0,84.0,gold
160,"Ceballos, Dani",1,2,4,RMD,Ceballos,Dani,DanCebRMD,Daniel,Ceballos Fernández,Spain,RMD,Centre Midfielder,22.0,70.0,77.0,63.0,61.0,79.0,64.0,55.0,81.0,60.0,gold
161,"Ceballos, Dani",1,2,4,RMD,Ceballos,Dani,DanCebRMD,Daniel,Ceballos Fernández,Spain,RMD,Centre Midfielder,22.0,69.0,76.0,62.0,61.0,78.0,63.0,55.0,80.0,60.0,gold
162,"Hernandez, Theo",1,4,9,RSO,Hernandez,Theo,TheHerRSO,Theo,Hernández,France,RSO,Left Back,21.0,90.0,75.0,50.0,64.0,52.0,54.0,41.0,76.0,93.0,gold
165,"Bautista, Jon",1,3,11,RSO,Bautista,Jon,JonBauRSO,Jon,Bautista Orgilles,Spain,RSO,Striker,23.0,61.0,35.0,78.0,57.0,41.0,77.0,70.0,67.0,57.0,silver
166,"Bautista, Jon",1,3,11,RSO,Bautista,Jon,JonBauRSO,Jon,Bautista Orgilles,Spain,RSO,Striker,23.0,61.0,35.0,78.0,57.0,41.0,77.0,70.0,67.0,57.0,gold
167,"Elustondo, Aritz",1,3,4,RSO,Elustondo,Aritz,AriEluRSO,Aritz,Elustondo,Spain,RSO,Centre Back,24.0,67.0,77.0,26.0,41.0,43.0,40.0,43.0,72.0,71.0,gold
170,"Zurutuza, David",1,1,4,RSO,Zurutuza,David,DavZurRSO,David,Zurutuza,France,RSO,Centre Midfielder,32.0,66.0,72.0,74.0,59.0,74.0,75.0,61.0,79.0,64.0,gold
171,"Garay, Ezequiel",1,2,4,VAL,Garay,Ezequiel,EzeGarVAL,Ezequiel,Garay,Argentina,VAL,Centre Back,32.0,34.0,77.0,58.0,75.0,73.0,65.0,70.0,70.0,37.0,gold
172,"Garay, Ezequiel",1,2,4,VAL,Garay,Ezequiel,EzeGarVAL,Ezequiel,Garay,Argentina,VAL,Centre Back,32.0,34.0,77.0,58.0,74.0,72.0,64.0,69.0,69.0,36.0,gold
173,"Gaya, Jose Luis",1,1,5,VAL,Gaya,Jose Luis,JosGayVAL,José Luís,Gayà Peña,Spain,VAL,Left Back,23.0,86.0,73.0,62.0,49.0,75.0,59.0,52.0,82.0,88.0,gold
174,"Gaya, Jose Luis",1,1,5,VAL,Gaya,Jose Luis,JosGayVAL,José Luís,Gayà Peña,Spain,VAL,Left Back,23.0,86.0,72.0,61.0,49.0,75.0,59.0,52.0,81.0,87.0,gold
175,"Moreno, Rodrigo",1,11,32,VAL,Moreno,Rodrigo,RodMorVAL,Rodrigo,Moreno Machado,Spain,VAL,Striker,27.0,89.0,61.0,85.0,68.0,59.0,81.0,79.0,80.0,94.0,gold
176,"Moreno, Rodrigo",1,11,32,VAL,Moreno,Rodrigo,RodMorVAL,Rodrigo,Moreno Machado,Spain,VAL,Striker,27.0,88.0,60.0,83.0,67.0,58.0,79.0,77.0,79.0,93.0,gold
177,"Moreno, Rodrigo",1,11,32,VAL,Moreno,Rodrigo,RodMorVAL,Rodrigo,Moreno Machado,Spain,VAL,Striker,27.0,88.0,60.0,82.0,67.0,58.0,79.0,77.0,78.0,92.0,gold
179,"Mata, Jaime",1,5,12,GET,Mata,Jaime,JaiMatGET,Jaime,Mata Arnaiz,Spain,GET,Striker,30.0,72.0,73.0,81.0,48.0,49.0,71.0,70.0,61.0,76.0,gold
180,"Cheryshev, Denis",1,3,8,VAL,Cheryshev,Denis,DenCheVAL,Denis,Cheryshev,Russia,VAL,Left Midfielder,28.0,77.0,62.0,79.0,61.0,68.0,85.0,64.0,72.0,80.0,gold
181,"Cheryshev, Denis",1,3,8,VAL,Cheryshev,Denis,DenCheVAL,Denis,Cheryshev,Russia,VAL,Left Midfielder,28.0,77.0,62.0,78.0,61.0,68.0,84.0,64.0,72.0,79.0,gold
182,"Fornals, Pablo",1,6,28,VIL,Fornals,Pablo,PabForVIL,Pablo,Fornals Malla,Spain,VIL,Right Midfielder,22.0,72.0,71.0,84.0,63.0,84.0,87.0,50.0,88.0,71.0,gold
183,"Fornals, Pablo",1,6,28,VIL,Fornals,Pablo,PabForVIL,Pablo,Fornals Malla,Spain,VIL,Centre Attacking Midfielder,22.0,67.0,69.0,77.0,60.0,80.0,80.0,46.0,84.0,66.0,gold
186,"Sansone, Nicola",1,1,1,VIL,Sansone,Nicola,NicSanVIL,Nicola,Sansone,Italy,VIL,Striker,27.0,82.0,68.0,77.0,69.0,65.0,75.0,66.0,75.0,81.0,gold
187,"Bartra, Marc",1,2,5,BET,Bartra,Marc,MarBarBET,Marc,Bartra Aregall,Spain,BET,Centre Back,28.0,75.0,80.0,55.0,45.0,77.0,62.0,52.0,79.0,72.0,gold
189,"Muriel, Luis",1,1,4,SEV,Muriel,Luis,LuiMurSEV,Luis,Muriel,Colombia,SEV,Striker,27.0,86.0,50.0,77.0,60.0,55.0,65.0,74.0,75.0,90.0,gold
193,"Gumbau, Gerard",1,4,11,LGN,Gumbau,Gerard,GerGumLGN,Gerard,Gumbau Garriga,Spain,LGN,Centre Defensive Midfielder,24.0,34.0,60.0,60.0,62.0,79.0,73.0,50.0,81.0,29.0,silver
194,"Bardhi, Enis",1,10,25,LEV,Bardhi,Enis,EniBarLEV,Enis,Bardhi,FYR Macedonia,LEV,Centre Midfielder,23.0,76.0,54.0,75.0,90.0,77.0,84.0,75.0,79.0,64.0,gold
197,"Postigo, Sergio",1,2,5,LEV,Postigo,Sergio,SerPosLEV,Sergio,Postigo Redondo,Spain,LEV,Centre Back,30.0,59.0,75.0,44.0,26.0,69.0,34.0,45.0,65.0,64.0,gold
198,"Rochina, Ruben",1,3,15,LEV,Rochina,Ruben,RubRocLEV,Rubén,Rochina Naixes,Spain,LEV,Right Midfielder,27.0,74.0,65.0,72.0,72.0,69.0,80.0,69.0,74.0,72.0,gold
200,"Funes Mori, Ramiro",1,2,12,VIL,Funes Mori,Ramiro,RamFunVIL,Ramiro,Funes Mori,Argentina,VIL,Centre Back,27.0,61.0,83.0,40.0,58.0,55.0,56.0,52.0,67.0,68.0,gold
201,"Berchiche, Yuri",1,4,15,ATH,Berchiche,Yuri,YurBerATH,Yuri,Berchiche Izeta,Spain,ATH,Left Back,28.0,78.0,85.0,43.0,55.0,68.0,77.0,59.0,70.0,77.0,gold
202,"Miramon, Jorge",1,1,6,HUE,Miramon,Jorge,JorMirHUE,Jorge,Miramón,Spain,HUE,Right Back,29.0,73.0,52.0,58.0,64.0,70.0,53.0,65.0,73.0,71.0,silver
203,"Alcaraz, Ruben",1,5,25,VLD,Alcaraz,Ruben,RubAlcVLD,Rubén,Alcaraz Jiménez,Spain,VLD,Centre Midfielder,27.0,57.0,74.0,64.0,73.0,74.0,72.0,70.0,75.0,53.0,silver
206,"Merino, Mikel",1,1,4,RSO,Merino,Mikel,MikMerRSO,Mikel,Merino Zazón,Spain,RSO,Centre Midfielder,22.0,61.0,73.0,62.0,69.0,74.0,67.0,58.0,78.0,62.0,gold
208,"Cardona, Marc",1,2,2,EIB,Cardona,Marc,MarCarEIB,Marc,Cardona Rovira,Spain,EIB,Striker,23.0,80.0,33.0,68.0,52.0,50.0,65.0,56.0,60.0,78.0,silver
211,"Embarba, Adri",1,6,19,RV,Embarba,Adri,AdrEmbRV,Adrián,Embarba Blazquez,Spain,RV,Right Midfielder,26.0,76.0,56.0,72.0,65.0,76.0,68.0,55.0,78.0,79.0,gold
213,"Pulido, Jorge",1,4,5,HUE,Pulido,Jorge,JorPulHUE,Jorge,Pulido Mayoral,Spain,HUE,Centre Back,27.0,39.0,78.0,27.0,38.0,43.0,18.0,47.0,67.0,47.0,silver
215,"Advincula, Luis",1,5,11,RV,Advincula,Luis,LuiAdvRV,Luis,Advíncula,Peru,RV,Right Back,28.0,95.0,70.0,58.0,63.0,67.0,68.0,64.0,73.0,94.0,silver
217,"Bacca, Carlos",1,5,11,VIL,Bacca,Carlos,CarBacVIL,Carlos,Bacca,Colombia,VIL,Striker,32.0,73.0,62.0,86.0,58.0,55.0,60.0,80.0,72.0,75.0,gold
218,"Silva, Jonathan",1,3,9,LGN,Silva,Jonathan,JonSilLGN,Jonathan,Silva,Argentina,LGN,Left Back,24.0,83.0,82.0,48.0,70.0,63.0,69.0,55.0,70.0,75.0,silver
219,"Simon, Moses",1,1,2,LEV,Simon,Moses,MosSimLEV,Moses,Simon,Nigeria,LEV,Left Midfielder,23.0,93.0,38.0,72.0,55.0,54.0,68.0,60.0,69.0,92.0,gold
220,"Mercado, Gabriel",1,1,4,SEV,Mercado,Gabriel,GabMerSEV,Gabriel,Mercado,Argentina,SEV,Centre Back,31.0,75.0,81.0,60.0,54.0,65.0,58.0,49.0,71.0,75.0,gold
222,"Batshuayi, Michy",1,7,15,VAL,Batshuayi,Michy,MicBatVAL,Michy,Batshuayi,Belgium,VAL,Striker,25.0,80.0,65.0,88.0,49.0,38.0,78.0,69.0,68.0,79.0,gold
223,"Batshuayi, Michy",1,7,15,VAL,Batshuayi,Michy,MicBatVAL,Michy,Batshuayi,Belgium,VAL,Striker,25.0,80.0,65.0,88.0,49.0,38.0,78.0,69.0,68.0,79.0,gold
224,"Batshuayi, Michy",1,7,15,VAL,Batshuayi,Michy,MicBatVAL,Michy,Batshuayi,Belgium,VAL,Striker,25.0,78.0,63.0,86.0,46.0,36.0,76.0,67.0,65.0,77.0,gold
225,"Batshuayi, Michy",1,7,15,VAL,Batshuayi,Michy,MicBatVAL,Michy,Batshuayi,Belgium,VAL,Striker,25.0,77.0,63.0,85.0,46.0,36.0,76.0,67.0,64.0,76.0,gold
226,"Verde, Daniele",1,2,5,VLD,Verde,Daniele,DanVerVLD,Daniele,Verde,Italy,VLD,Left Wing,22.0,89.0,58.0,55.0,43.0,60.0,62.0,59.0,68.0,89.0,silver
227,"Hernandez, Juan Camilo",1,10,27,HUE,Hernandez,Juan Camilo,JuaHerHUE,Juan Camilo,Hernández,Colombia,HUE,Striker,19.0,88.0,40.0,78.0,68.0,59.0,74.0,54.0,67.0,83.0,gold
228,"Melero, Gonzalo",1,2,7,HUE,Melero,Gonzalo,GonMelHUE,Gonzalo,Melero Manzanares,Spain,HUE,Centre Midfielder,25.0,59.0,58.0,74.0,67.0,74.0,73.0,58.0,77.0,63.0,gold
230,"Ndiaye, Amath",1,4,8,GET,Ndiaye,Amath,AmaNdiGET,Amath,Ndiaye Diedhiou,Senegal,GET,Left Midfielder,22.0,89.0,62.0,80.0,65.0,60.0,64.0,49.0,72.0,89.0,gold
234,"Capa, Ander",0,1,4,ATH,Capa,Ander,AndCapATH,Ander,Capa Rodríguez,Spain,ATH,Right Back,26.0,82.0,86.0,56.0,58.0,56.0,62.0,54.0,71.0,86.0,gold
236,"Dmitrovic, Marko",0,0,0,EIB,Dmitrovic,Marko,MarDmiEIB,Marko,Dmitrović,Serbia,EIB,Goalkeeper,26.0,39.0,20.0,20.0,9.0,40.0,17.0,9.0,40.0,35.0,gold
237,"Garcia, Dani",0,0,1,ATH,Garcia,Dani,DanGarATH,Daniel,García Carrillo,Spain,ATH,Centre Defensive Midfielder,28.0,53.0,88.0,51.0,57.0,81.0,58.0,58.0,86.0,35.0,gold
238,"Inui, Takashi",0,4,13,BET,Inui,Takashi,TakInuBET,Takashi,Inui,Japan,BET,Left Midfielder,30.0,88.0,49.0,70.0,65.0,70.0,77.0,51.0,76.0,77.0,gold
239,"Junca, David",0,0,2,CEL,Junca,David,DavJunCEL,David,Juncà Reñé,Spain,CEL,Left Back,25.0,81.0,75.0,35.0,58.0,61.0,46.0,55.0,72.0,77.0,gold
241,"Orellana, Fabian",0,8,25,EIB,Orellana,Fabian,FabOreEIB,Fabián,Orellana,Chile,EIB,Centre Attacking Midfielder,32.0,77.0,54.0,77.0,79.0,74.0,80.0,75.0,78.0,71.0,gold
244,"Riesgo, Asier",0,0,0,EIB,Riesgo,Asier,AsiRieEIB,Asier,Riesgo Unamuno,Spain,EIB,Goalkeeper,35.0,54.0,34.0,13.0,15.0,33.0,12.0,13.0,32.0,55.0,silver
247,"Espinosa, Bernardo",0,1,2,GIR,Espinosa,Bernardo,BerEspGIR,Bernardo,Espinosa,Colombia,GIR,Centre Back,29.0,43.0,79.0,39.0,42.0,61.0,42.0,52.0,74.0,51.0,gold
248,"Garcia, Aleix",0,1,4,GIR,Garcia,Aleix,AleGarGIR,Aleix,García Serrano,Spain,GIR,Centre Midfielder,21.0,66.0,54.0,63.0,62.0,74.0,58.0,54.0,78.0,60.0,silver
251,"Lozano, Anthony",0,2,8,GIR,Lozano,Anthony,AntLozGIR,Anthony,Lozano,Honduras,GIR,Striker,25.0,76.0,61.0,73.0,28.0,53.0,69.0,67.0,70.0,79.0,silver
252,"Planas, Carles",0,0,1,GIR,Planas,Carles,CarPlaGIR,Carles,Planas Antolínez,Spain,GIR,Left Back,27.0,73.0,73.0,32.0,50.0,58.0,37.0,51.0,76.0,71.0,gold
253,"Ramalho, Jonas",0,0,0,GIR,Ramalho,Jonas,JonRamGIR,Jonás,Ramalho Chimeno,Spain,GIR,Centre Back,25.0,67.0,76.0,40.0,34.0,52.0,34.0,41.0,69.0,74.0,silver
255,"Timor, David",0,0,2,GIR,Timor,David,DavTimGIR,David,Timor Copoví,Spain,GIR,Centre Defensive Midfielder,29.0,39.0,80.0,44.0,81.0,77.0,80.0,69.0,81.0,52.0,gold
256,"Aguilera, Juan",0,1,3,HUE,Aguilera,Juan,JuaAguHUE,Juan,Aguilera Núñez,Spain,HUE,Centre Defensive Midfielder,33.0,71.0,68.0,52.0,60.0,72.0,57.0,40.0,75.0,52.0,silver
257,"Akapo, Carlos",0,0,1,HUE,Akapo,Carlos,CarAkaHUE,Carlos,Akapo Martínez,Equatorial Guinea,HUE,Right Back,25.0,77.0,84.0,42.0,41.0,62.0,52.0,46.0,68.0,88.0,silver
258,"Brezancic, Rajko",0,0,0,HUE,Brezancic,Rajko,RajBreHUE,Rajko,Brežančić,Serbia,HUE,Left Back,29.0,73.0,72.0,28.0,30.0,59.0,51.0,43.0,66.0,77.0,silver
259,"Aguirregabiria, Martin",0,0,0,ALA,Aguirregabiria,Martin,MarAguALA,Martín,Aguirregabiria,Spain,ALA,Right Back,22.0,74.0,62.0,28.0,40.0,45.0,35.0,38.0,76.0,74.0,gold
260,"Duarte, Ruben",0,3,7,ALA,Duarte,Ruben,RubDuaALA,Rubén,Duarte Sánchez,Spain,ALA,Left Back,23.0,68.0,70.0,28.0,60.0,55.0,30.0,40.0,77.0,69.0,gold
261,"Guidetti, John",0,1,5,ALA,Guidetti,John,JohGuiALA,John,Guidetti,Sweden,ALA,Striker,26.0,65.0,75.0,78.0,80.0,53.0,81.0,81.0,75.0,65.0,gold
263,"Maripan, Guillermo",0,0,1,ALA,Maripan,Guillermo,GuiMarALA,Guillermo,Maripán,Chile,ALA,Centre Back,24.0,45.0,75.0,28.0,27.0,51.0,24.0,20.0,66.0,48.0,silver
265,"Pacheco, Fernando",0,0,0,ALA,Pacheco,Fernando,FerPacALA,Fernando,Pacheco Flores,Spain,ALA,Goalkeeper,26.0,54.0,27.0,16.0,20.0,27.0,15.0,23.0,24.0,47.0,gold
266,"Pacheco, Fernando",0,0,0,ALA,Pacheco,Fernando,FerPacALA,Fernando,Pacheco Flores,Spain,ALA,Goalkeeper,26.0,54.0,27.0,16.0,20.0,27.0,15.0,23.0,24.0,47.0,gold
267,"Pacheco, Fernando",0,0,0,ALA,Pacheco,Fernando,FerPacALA,Fernando,Pacheco Flores,Spain,ALA,Goalkeeper,26.0,48.0,27.0,16.0,20.0,27.0,15.0,23.0,24.0,42.0,gold
268,"Sivera, Antonio",0,0,0,ALA,Sivera,Antonio,AntSivALA,Antonio,Sivera Salvá,Spain,ALA,Goalkeeper,22.0,59.0,25.0,15.0,12.0,34.0,12.0,24.0,32.0,55.0,silver
269,"Torres, Daniel",0,0,0,ALA,Torres,Daniel,DanTorALA,Daniel,Torres,Colombia,ALA,Centre Defensive Midfielder,29.0,57.0,87.0,55.0,50.0,74.0,61.0,72.0,73.0,53.0,gold
271,"Wakaso, Mubarak",0,2,10,ALA,Wakaso,Mubarak,MubWakALA,Mubarak,Wakaso,Ghana,ALA,Centre Midfielder,28.0,87.0,81.0,55.0,57.0,70.0,68.0,36.0,75.0,87.0,silver
272,"Aduriz, Aritz",0,4,5,ATH,Aduriz,Aritz,AriAduATH,Aritz,Aduriz Zubeldia,Spain,ATH,Striker,37.0,66.0,82.0,84.0,54.0,52.0,78.0,82.0,72.0,67.0,gold
273,"Balenziaga, Mikel",0,0,1,ATH,Balenziaga,Mikel,MikBalATH,Mikel,Balenziaga,Spain,ATH,Left Back,30.0,69.0,76.0,41.0,33.0,69.0,54.0,44.0,70.0,73.0,gold
276,"Herrerin, Iago",0,0,0,ATH,Herrerin,Iago,IagHerATH,Iago,Herrerín Buisán,Spain,ATH,Goalkeeper,30.0,45.0,37.0,13.0,12.0,29.0,16.0,25.0,16.0,34.0,gold
277,"Iturraspe, Ander",0,0,0,ATH,Iturraspe,Ander,AndItuATH,Ander,Iturraspe Derteano,Spain,ATH,Centre Midfielder,29.0,52.0,70.0,61.0,66.0,78.0,68.0,58.0,81.0,54.0,gold
279,"Merino, Sabin",0,3,4,LGN,Merino,Sabin,SabMerLGN,Sabin,Merino Zuloaga,Spain,LGN,Left Wing,27.0,69.0,60.0,77.0,66.0,62.0,71.0,69.0,71.0,78.0,gold
281,"Rico, Mikel",0,1,3,ATH,Rico,Mikel,MikRicATH,Mikel,Rico Moreno,Spain,ATH,Centre Midfielder,34.0,56.0,72.0,61.0,63.0,76.0,64.0,60.0,75.0,39.0,gold
282,"San Jose, Mikel",0,2,4,ATH,San Jose,Mikel,MikSanATH,Mikel,San José Domínguez,Spain,ATH,Centre Midfielder,29.0,33.0,76.0,60.0,44.0,77.0,73.0,51.0,78.0,38.0,gold
283,"Simon, Unai",0,0,0,ATH,Simon,Unai,UnaSimATH,Unai,Simón Mendibil,Spain,ATH,Goalkeeper,21.0,46.0,27.0,14.0,14.0,21.0,13.0,24.0,29.0,48.0,silver
284,"Vesga, Mikel",0,0,1,LGN,Vesga,Mikel,MikVesLGN,Mikel,Vesga Arruti,Spain,LGN,Centre Defensive Midfielder,25.0,49.0,67.0,56.0,28.0,75.0,61.0,57.0,74.0,52.0,silver
286,"Busquets, Sergio",0,0,4,BAR,Busquets,Sergio,SerBusBAR,Sergio,Busquets Burgos,Spain,BAR,Centre Defensive Midfielder,30.0,42.0,86.0,68.0,68.0,80.0,54.0,60.0,89.0,45.0,gold
287,"Busquets, Sergio",0,0,4,BAR,Busquets,Sergio,SerBusBAR,Sergio,Busquets Burgos,Spain,BAR,Centre Defensive Midfielder,30.0,87.0,85.0,98.0,68.0,79.0,79.0,88.0,88.0,92.0,gold
288,"Busquets, Sergio",0,0,4,BAR,Busquets,Sergio,SerBusBAR,Sergio,Busquets Burgos,Spain,BAR,Centre Defensive Midfielder,30.0,42.0,85.0,67.0,68.0,79.0,54.0,60.0,88.0,44.0,gold
289,"Roberto, Sergi",0,1,5,BAR,Roberto,Sergi,SerRobBAR,Sergio,Roberto Carnicer,Spain,BAR,Right Back,26.0,77.0,68.0,64.0,60.0,77.0,67.0,57.0,87.0,79.0,gold
290,"Roberto, Sergi",0,1,5,BAR,Roberto,Sergi,SerRobBAR,Sergio,Roberto Carnicer,Spain,BAR,Right Back,26.0,77.0,68.0,63.0,60.0,77.0,66.0,57.0,86.0,78.0,gold
292,"ter Stegen, Marc-Andre",0,0,0,BAR,ter Stegen,Marc-Andre,MarterBAR,Marc-André,ter Stegen,Germany,BAR,Goalkeeper,26.0,39.0,43.0,14.0,12.0,38.0,10.0,25.0,30.0,51.0,gold
293,"ter Stegen, Marc-Andre",0,0,0,BAR,ter Stegen,Marc-Andre,MarterBAR,Marc-André,ter Stegen,Germany,BAR,Goalkeeper,26.0,38.0,43.0,14.0,12.0,38.0,10.0,25.0,30.0,50.0,gold
294,"Umtiti, Samuel",0,0,1,BAR,Umtiti,Samuel,SamUmtBAR,Samuel,Umtiti,France,BAR,Centre Back,25.0,71.0,81.0,51.0,62.0,74.0,75.0,61.0,82.0,74.0,gold
295,"Umtiti, Samuel",0,0,1,BAR,Umtiti,Samuel,SamUmtBAR,Samuel,Umtiti,France,BAR,Centre Back,25.0,71.0,81.0,51.0,62.0,73.0,74.0,61.0,81.0,73.0,gold
296,"Vermaelen, Thomas",0,0,0,BAR,Vermaelen,Thomas,ThoVerBAR,Thomas,Vermaelen,Belgium,BAR,Centre Back,33.0,68.0,78.0,52.0,64.0,79.0,69.0,63.0,81.0,64.0,gold
297,"Vermaelen, Thomas",0,0,0,BAR,Vermaelen,Thomas,ThoVerBAR,Thomas,Vermaelen,Belgium,BAR,Centre Back,33.0,67.0,77.0,52.0,64.0,78.0,68.0,62.0,80.0,64.0,gold
298,"Vidal, Aleix",0,2,5,SEV,Vidal,Aleix,AleVidSEV,Aleix,Vidal Parreu,Spain,SEV,Right Back,29.0,89.0,80.0,67.0,46.0,64.0,59.0,51.0,78.0,93.0,gold
299,"Cabral, Gustavo",0,1,6,CEL,Cabral,Gustavo,GusCabCEL,Gustavo,Cabral,Argentina,CEL,Centre Back,33.0,38.0,82.0,26.0,48.0,59.0,29.0,47.0,72.0,36.0,gold
300,"Eckert, Dennis",0,3,5,CEL,Eckert,Dennis,DenEckCEL,Dennis,Eckert,Germany,CEL,Striker,22.0,58.0,25.0,68.0,50.0,37.0,60.0,59.0,59.0,48.0,bronze
302,"Lobotka, Stanislav",0,0,6,CEL,Lobotka,Stanislav,StaLobCEL,Stanislav,Lobotka,Slovakia,CEL,Centre Midfielder,24.0,70.0,57.0,59.0,55.0,76.0,65.0,56.0,84.0,63.0,gold
303,"Mor, Emre",0,2,6,CEL,Mor,Emre,EmrMorCEL,Emre,Mor,Turkey,CEL,Left Wing,21.0,88.0,55.0,67.0,38.0,47.0,62.0,49.0,67.0,81.0,silver
304,"Roncaglia, Facundo",0,1,3,CEL,Roncaglia,Facundo,FacRonCEL,Facundo,Roncaglia,Argentina,CEL,Centre Back,31.0,61.0,74.0,38.0,52.0,81.0,73.0,35.0,69.0,67.0,gold
305,"Wass, Daniel",0,1,16,VAL,Wass,Daniel,DanWasVAL,Daniel,Wass,Denmark,VAL,Centre Midfielder,29.0,75.0,63.0,77.0,87.0,80.0,81.0,67.0,86.0,78.0,gold
306,"Wass, Daniel",0,1,16,VAL,Wass,Daniel,DanWasVAL,Daniel,Wass,Denmark,VAL,Centre Midfielder,29.0,74.0,62.0,74.0,86.0,79.0,78.0,64.0,85.0,77.0,gold
307,"Wass, Daniel",0,1,16,VAL,Wass,Daniel,DanWasVAL,Daniel,Wass,Denmark,VAL,Centre Midfielder,29.0,74.0,62.0,74.0,85.0,79.0,77.0,64.0,84.0,76.0,gold
316,"Roca, Marc",0,3,7,ESP,Roca,Marc,MarRocESP,Marc,Roca Junqué,Spain,ESP,Centre Defensive Midfielder,22.0,54.0,69.0,59.0,52.0,74.0,65.0,55.0,80.0,55.0,gold
319,"Beltran, Fran",0,0,10,CEL,Beltran,Fran,FraBelCEL,Francisco José,Beltrán Peinado,Spain,CEL,Centre Defensive Midfielder,19.0,73.0,68.0,47.0,49.0,74.0,48.0,49.0,75.0,68.0,silver
320,"Comesana, Santi",0,0,4,RV,Comesana,Santi,SanComRV,Santiago,Comesaña Veiga,Spain,RV,Centre Midfielder,22.0,58.0,59.0,74.0,47.0,63.0,75.0,39.0,73.0,57.0,silver
322,"Kroos, Toni",0,2,13,RMD,Kroos,Toni,TonKroRMD,Toni,Kroos,Germany,RMD,Centre Midfielder,29.0,69.0,60.0,76.0,84.0,94.0,93.0,73.0,93.0,66.0,gold
323,"Kroos, Toni",0,2,13,RMD,Kroos,Toni,TonKroRMD,Toni,Kroos,Germany,RMD,Centre Midfielder,29.0,71.0,60.0,77.0,84.0,94.0,94.0,74.0,93.0,68.0,gold
324,"Kroos, Toni",0,2,13,RMD,Kroos,Toni,TonKroRMD,Toni,Kroos,Germany,RMD,Centre Midfielder,29.0,68.0,60.0,76.0,84.0,93.0,92.0,73.0,92.0,66.0,gold
325,"Llorente, Marcos",0,1,1,RMD,Llorente,Marcos,MarLloRMD,Marcos,Llorente Moreno,Spain,RMD,Centre Defensive Midfielder,23.0,53.0,65.0,39.0,51.0,82.0,57.0,54.0,85.0,55.0,gold
326,"Llorente, Marcos",0,1,1,RMD,Llorente,Marcos,MarLloRMD,Marcos,Llorente Moreno,Spain,RMD,Centre Defensive Midfielder,23.0,53.0,65.0,39.0,51.0,81.0,56.0,53.0,84.0,54.0,gold
327,"Mayoral, Borja",0,4,5,LEV,Mayoral,Borja,BorMayLEV,Borja,Mayoral Moya,Spain,LEV,Striker,21.0,68.0,27.0,79.0,57.0,43.0,70.0,69.0,69.0,72.0,gold
328,"Modric, Luka",0,4,13,RMD,Modric,Luka,LukModRMD,Luka,Modrić,Croatia,RMD,Centre Midfielder,33.0,94.0,83.0,89.0,85.0,96.0,99.0,99.0,99.0,85.0,gold
329,"Modric, Luka",0,4,13,RMD,Modric,Luka,LukModRMD,Luka,Modrić,Croatia,RMD,Centre Midfielder,33.0,81.0,62.0,72.0,78.0,88.0,83.0,83.0,94.0,72.0,gold
330,"Modric, Luka",0,4,13,RMD,Modric,Luka,LukModRMD,Luka,Modrić,Croatia,RMD,Centre Midfielder,33.0,80.0,62.0,72.0,78.0,88.0,82.0,82.0,93.0,72.0,gold
332,"Navas, Keylor",0,0,0,RMD,Navas,Keylor,KeyNavRMD,Keylor,Navas,Costa Rica,RMD,Goalkeeper,32.0,55.0,32.0,15.0,15.0,37.0,13.0,25.0,30.0,53.0,gold
333,"Navas, Keylor",0,0,0,RMD,Navas,Keylor,KeyNavRMD,Keylor,Navas,Costa Rica,RMD,Goalkeeper,32.0,54.0,32.0,15.0,15.0,37.0,13.0,25.0,30.0,53.0,gold
334,"Varane, Raphael",0,1,3,RMD,Varane,Raphael,RapVarRMD,Raphaël,Varane,France,RMD,Centre Back,25.0,88.0,88.0,62.0,72.0,99.0,82.0,66.0,99.0,91.0,gold
335,"Varane, Raphael",0,1,3,RMD,Varane,Raphael,RapVarRMD,Raphaël,Varane,France,RMD,Centre Back,25.0,83.0,77.0,40.0,54.0,77.0,54.0,43.0,76.0,86.0,gold
336,"Varane, Raphael",0,1,3,RMD,Varane,Raphael,RapVarRMD,Raphaël,Varane,France,RMD,Centre Back,25.0,83.0,77.0,40.0,54.0,76.0,53.0,43.0,75.0,85.0,gold
339,"Januzaj, Adnan",0,0,6,RSO,Januzaj,Adnan,AdnJanRSO,Adnan,Januzaj,Belgium,RSO,Right Wing,23.0,85.0,45.0,78.0,69.0,78.0,76.0,65.0,84.0,81.0,gold
340,"Januzaj, Adnan",0,0,6,RSO,Januzaj,Adnan,AdnJanRSO,Adnan,Januzaj,Belgium,RSO,Right Wing,23.0,79.0,41.0,71.0,65.0,74.0,70.0,60.0,79.0,76.0,gold
341,"Llorente, Diego",0,1,2,RSO,Llorente,Diego,DieLloRSO,Diego Javier,Llorente Ríos,Spain,RSO,Centre Back,25.0,65.0,75.0,39.0,35.0,72.0,37.0,53.0,76.0,63.0,gold
347,"Pardo, Ruben",0,2,10,RSO,Pardo,Ruben,RubParRSO,Rubén,Pardo Gutiérrez,Spain,RSO,Centre Midfielder,26.0,64.0,58.0,68.0,73.0,75.0,73.0,69.0,78.0,65.0,gold
349,"Rulli, Geronimo",0,0,0,RSO,Rulli,Geronimo,GerRulRSO,Gerónimo,Rulli,Argentina,RSO,Goalkeeper,26.0,54.0,26.0,15.0,20.0,23.0,17.0,24.0,32.0,48.0,gold
350,"Zubeldia Elorza, Igor",0,1,5,RSO,Zubeldia Elorza,Igor,IgoZubRSO,Igor,Zubeldia Elorza,Spain,RSO,Centre Midfielder,21.0,65.0,70.0,60.0,65.0,76.0,68.0,51.0,77.0,58.0,silver
351,"Coquelin, Francis",0,1,1,VAL,Coquelin,Francis,FraCoqVAL,Francis,Coquelin,France,VAL,Centre Defensive Midfielder,27.0,70.0,92.0,54.0,41.0,75.0,57.0,52.0,78.0,73.0,gold
352,"Coquelin, Francis",0,1,1,VAL,Coquelin,Francis,FraCoqVAL,Francis,Coquelin,France,VAL,Centre Defensive Midfielder,27.0,70.0,91.0,54.0,41.0,74.0,57.0,52.0,77.0,72.0,gold
353,"Domenech, Jaume",0,0,0,VAL,Domenech,Jaume,JauDomVAL,Jaume,Domenech Sánchez,Spain,VAL,Goalkeeper,28.0,58.0,21.0,11.0,13.0,32.0,12.0,25.0,32.0,58.0,gold
354,"Domenech, Jaume",0,0,0,VAL,Domenech,Jaume,JauDomVAL,Jaume,Domenech Sánchez,Spain,VAL,Goalkeeper,28.0,58.0,21.0,11.0,13.0,32.0,12.0,25.0,32.0,58.0,gold
356,"Kondogbia, Geoffrey",0,1,10,VAL,Kondogbia,Geoffrey,GeoKonVAL,Geoffrey,Kondogbia,France,VAL,Centre Midfielder,25.0,72.0,88.0,71.0,59.0,85.0,83.0,46.0,88.0,80.0,gold
357,"Kondogbia, Geoffrey",0,1,10,VAL,Kondogbia,Geoffrey,GeoKonVAL,Geoffrey,Kondogbia,France,VAL,Centre Midfielder,25.0,69.0,86.0,69.0,56.0,81.0,81.0,45.0,84.0,77.0,gold
358,"Kondogbia, Geoffrey",0,1,10,VAL,Kondogbia,Geoffrey,GeoKonVAL,Geoffrey,Kondogbia,France,VAL,Centre Midfielder,25.0,69.0,86.0,69.0,56.0,80.0,80.0,45.0,83.0,76.0,gold
360,"Maksimovic, Nemanja",0,4,12,GET,Maksimovic,Nemanja,NemMakGET,Nemanja,Maksimović,Serbia,GET,Centre Defensive Midfielder,23.0,62.0,59.0,70.0,72.0,77.0,69.0,50.0,79.0,65.0,silver
361,"Mina, Santi",0,3,6,VAL,Mina,Santi,SanMinVAL,Santiago,Mina Lorenzo,Spain,VAL,Striker,23.0,79.0,71.0,87.0,58.0,68.0,78.0,65.0,73.0,84.0,gold
362,"Mina, Santi",0,3,6,VAL,Mina,Santi,SanMinVAL,Santiago,Mina Lorenzo,Spain,VAL,Striker,23.0,79.0,71.0,87.0,58.0,68.0,78.0,65.0,73.0,84.0,gold
363,"Mina, Santi",0,3,6,VAL,Mina,Santi,SanMinVAL,Santiago,Mina Lorenzo,Spain,VAL,Striker,23.0,77.0,69.0,83.0,55.0,65.0,74.0,62.0,70.0,82.0,gold
364,"Mina, Santi",0,3,6,VAL,Mina,Santi,SanMinVAL,Santiago,Mina Lorenzo,Spain,VAL,Striker,23.0,77.0,69.0,82.0,55.0,65.0,74.0,62.0,69.0,81.0,gold
365,"Murillo, Jeison",0,0,0,VAL,Murillo,Jeison,JeiMurVAL,Jeison,Murillo,Colombia,VAL,Centre Back,26.0,75.0,89.0,37.0,26.0,63.0,13.0,47.0,70.0,77.0,gold
366,"Murillo, Jeison",0,0,0,VAL,Murillo,Jeison,JeiMurVAL,Jeison,Murillo,Colombia,VAL,Centre Back,26.0,75.0,88.0,37.0,26.0,62.0,13.0,46.0,69.0,76.0,gold
369,"Soler, Carlos",0,2,13,VAL,Soler,Carlos,CarSolVAL,Carlos,Soler Barragán,Spain,VAL,Right Midfielder,22.0,75.0,49.0,75.0,83.0,79.0,73.0,81.0,85.0,78.0,gold
370,"Soler, Carlos",0,2,13,VAL,Soler,Carlos,CarSolVAL,Carlos,Soler Barragán,Spain,VAL,Right Midfielder,22.0,75.0,49.0,74.0,82.0,79.0,73.0,80.0,84.0,77.0,gold
371,"Torres, Ferran",0,2,4,VAL,Torres,Ferran,FerTorVAL,Ferrán,Torres García,Spain,VAL,Right Midfielder,18.0,77.0,34.0,72.0,46.0,72.0,55.0,62.0,69.0,76.0,silver
373,"Calero, Fernando",0,0,1,VLD,Calero,Fernando,FerCalVLD,Fernando,Calero Villa,Spain,VLD,Centre Back,23.0,67.0,63.0,23.0,27.0,43.0,21.0,39.0,69.0,64.0,silver
374,"Asenjo, Sergio",0,0,0,VIL,Asenjo,Sergio,SerAseVIL,Sergio,Asenjo Andrés,Spain,VIL,Goalkeeper,29.0,63.0,20.0,14.0,22.0,39.0,13.0,15.0,39.0,57.0,gold
375,"Asenjo, Sergio",0,0,0,VIL,Asenjo,Sergio,SerAseVIL,Sergio,Asenjo Andrés,Spain,VIL,Goalkeeper,29.0,63.0,20.0,14.0,22.0,39.0,13.0,15.0,39.0,57.0,gold
376,"Asenjo, Sergio",0,0,0,VIL,Asenjo,Sergio,SerAseVIL,Sergio,Asenjo Andrés,Spain,VIL,Goalkeeper,29.0,62.0,20.0,14.0,22.0,39.0,13.0,15.0,39.0,56.0,gold
377,"Asenjo, Sergio",0,0,0,VIL,Asenjo,Sergio,SerAseVIL,Sergio,Asenjo Andrés,Spain,VIL,Goalkeeper,29.0,62.0,20.0,14.0,22.0,39.0,13.0,15.0,39.0,56.0,gold
378,"Asenjo, Sergio",0,0,0,VIL,Asenjo,Sergio,SerAseVIL,Sergio,Asenjo Andrés,Spain,VIL,Goalkeeper,29.0,59.0,20.0,14.0,22.0,39.0,13.0,15.0,39.0,54.0,gold
379,"Cazorla, Santi",0,1,8,VIL,Cazorla,Santi,SanCazVIL,Santiago,Cazorla González,Spain,VIL,Centre Midfielder,34.0,74.0,85.0,80.0,81.0,87.0,86.0,90.0,89.0,65.0,gold
380,"Cazorla, Santi",0,1,8,VIL,Cazorla,Santi,SanCazVIL,Santiago,Cazorla González,Spain,VIL,Left Midfielder,34.0,63.0,73.0,80.0,80.0,86.0,86.0,90.0,88.0,56.0,gold
381,"Cazorla, Santi",0,1,8,VIL,Cazorla,Santi,SanCazVIL,Santiago,Cazorla González,Spain,VIL,Left Midfielder,34.0,63.0,73.0,80.0,80.0,86.0,86.0,90.0,88.0,56.0,gold
382,"Cazorla, Santi",0,1,8,VIL,Cazorla,Santi,SanCazVIL,Santiago,Cazorla González,Spain,VIL,Centre Midfielder,34.0,60.0,69.0,76.0,79.0,85.0,82.0,86.0,87.0,53.0,gold
383,"Cazorla, Santi",0,1,8,VIL,Cazorla,Santi,SanCazVIL,Santiago,Cazorla González,Spain,VIL,Centre Midfielder,34.0,60.0,69.0,76.0,79.0,85.0,82.0,86.0,87.0,53.0,gold
384,"Cazorla, Santi",0,1,8,VIL,Cazorla,Santi,SanCazVIL,Santiago,Cazorla González,Spain,VIL,Centre Midfielder,34.0,54.0,64.0,71.0,78.0,84.0,76.0,80.0,85.0,48.0,gold
385,"Costa, Jaume",0,2,11,VIL,Costa,Jaume,JauCosVIL,Jaume Vicent,Costa Jordá,Spain,VIL,Left Back,30.0,78.0,85.0,53.0,59.0,65.0,62.0,56.0,79.0,81.0,gold
386,"Marin, Adrian",0,0,1,ALA,Marin,Adrian,AdrMarALA,Adrián,Marín Gómez,Spain,ALA,Left Back,22.0,68.0,69.0,40.0,35.0,56.0,42.0,38.0,73.0,72.0,silver
387,"Morlanes, Manu",0,1,1,VIL,Morlanes,Manu,ManMorVIL,Manuel,Morlanes Ariño,Spain,VIL,Centre Midfielder,20.0,74.0,57.0,56.0,71.0,70.0,59.0,70.0,76.0,64.0,silver
388,"Raba, Daniel",0,0,0,VIL,Raba,Daniel,DanRabVIL,Daniel,Raba Antolin,Spain,VIL,Right Midfielder,23.0,75.0,50.0,73.0,42.0,74.0,60.0,49.0,76.0,72.0,gold
391,"Trigueros, Manu",0,0,10,VIL,Trigueros,Manu,ManTriVIL,Manuel,Trigueros Muñoz,Spain,VIL,Centre Midfielder,27.0,71.0,71.0,71.0,69.0,82.0,80.0,65.0,86.0,69.0,gold
392,"Amat, Jordi",0,1,1,RV,Amat,Jordi,JorAmaRV,Jordi,Amat Maas,Spain,RV,Centre Back,26.0,61.0,82.0,34.0,36.0,52.0,65.0,28.0,68.0,69.0,gold
393,"Barragan, Antonio",0,0,0,BET,Barragan,Antonio,AntBarBET,Antonio,Barragán Fernández,Spain,BET,Right Back,31.0,69.0,74.0,44.0,51.0,62.0,53.0,55.0,77.0,71.0,gold
394,"Boudebouz, Ryad",0,3,10,BET,Boudebouz,Ryad,RyaBouBET,Ryad,Boudebouz,Algeria,BET,Centre Attacking Midfielder,28.0,75.0,58.0,77.0,82.0,76.0,76.0,90.0,81.0,73.0,gold
395,"Feddal, Zouhair",0,0,4,BET,Feddal,Zouhair,ZouFedBET,Zouhair,Feddal,Morocco,BET,Centre Back,29.0,51.0,82.0,40.0,38.0,68.0,56.0,48.0,76.0,62.0,gold
396,"Guerrero, Francis",0,1,4,BET,Guerrero,Francis,FraGueBET,Francisco,Guerrero Martín,Spain,BET,Right Midfielder,22.0,77.0,55.0,75.0,52.0,74.0,42.0,53.0,72.0,82.0,gold
398,"Guardado, Andres",0,1,8,BET,Guardado,Andres,AndGuaBET,Andrés,Guardado,Mexico,BET,Centre Midfielder,32.0,74.0,72.0,60.0,81.0,83.0,72.0,70.0,85.0,73.0,gold
401,"Sanabria, Antonio",0,0,8,BET,Sanabria,Antonio,AntSanBET,Antonio,Sanabria,Paraguay,BET,Striker,22.0,77.0,32.0,81.0,64.0,63.0,65.0,69.0,74.0,79.0,gold
402,"Tello, Cristian",0,3,8,BET,Tello,Cristian,CriTelBET,Cristian,Tello Herrera,Spain,BET,Left Midfielder,27.0,93.0,48.0,74.0,64.0,70.0,71.0,56.0,77.0,91.0,gold
403,"Arana, Guilherme",0,3,6,SEV,Arana,Guilherme,GuiAraSEV,Guilherme,Arana Lopes,Brazil,SEV,Left Back,21.0,77.0,69.0,51.0,49.0,67.0,54.0,52.0,72.0,78.0,silver
404,"Escudero, Sergio",0,0,4,SEV,Escudero,Sergio,SerEscSEV,Sergio,Escudero Palomo,Spain,SEV,Left Back,29.0,72.0,75.0,56.0,69.0,77.0,63.0,66.0,77.0,77.0,gold
406,"Layun, Miguel",0,1,10,VIL,Layun,Miguel,MigLayVIL,Miguel,Layún,Mexico,VIL,Right Back,30.0,76.0,72.0,67.0,74.0,74.0,76.0,74.0,76.0,76.0,gold
408,"Mesa, Roque",0,1,5,SEV,Mesa,Roque,RoqMesSEV,Roque,Mesa Quevedo,Spain,SEV,Centre Defensive Midfielder,29.0,74.0,89.0,65.0,48.0,77.0,54.0,42.0,82.0,75.0,gold
409,"Navas, Jesus",0,4,18,SEV,Navas,Jesus,JesNavSEV,Jesús,Navas González,Spain,SEV,Right Midfielder,33.0,88.0,63.0,62.0,46.0,73.0,70.0,56.0,75.0,85.0,gold
412,"Soria, David",0,0,0,GET,Soria,David,DavSorGET,David,Soria Solís,Spain,GET,Goalkeeper,25.0,49.0,24.0,19.0,11.0,33.0,18.0,23.0,24.0,34.0,gold
415,"Gimenez, Jose",0,0,4,ATL,Gimenez,Jose,JosGimATL,José María,Giménez,Uruguay,ATL,Centre Back,24.0,66.0,90.0,37.0,44.0,59.0,49.0,38.0,69.0,71.0,gold
416,"Gimenez, Jose",0,0,4,ATL,Gimenez,Jose,JosGimATL,José María,Giménez,Uruguay,ATL,Centre Back,24.0,66.0,89.0,37.0,44.0,58.0,48.0,38.0,68.0,70.0,gold
417,"Hernandez, Lucas",0,0,4,ATL,Hernandez,Lucas,LucHerATL,Lucas,Hernández,France,ATL,Centre Back,22.0,81.0,84.0,44.0,29.0,66.0,50.0,36.0,84.0,86.0,gold
418,"Hernandez, Lucas",0,0,4,ATL,Hernandez,Lucas,LucHerATL,Lucas,Hernández,France,ATL,Left Back,22.0,80.0,83.0,42.0,28.0,63.0,47.0,34.0,81.0,85.0,gold
419,"Hernandez, Lucas",0,0,4,ATL,Hernandez,Lucas,LucHerATL,Lucas,Hernández,France,ATL,Left Back,22.0,80.0,82.0,42.0,28.0,63.0,47.0,34.0,80.0,84.0,gold
421,"Oblak, Jan",0,0,0,ATL,Oblak,Jan,JanOblATL,Jan,Oblak,Slovenia,ATL,Goalkeeper,26.0,44.0,34.0,11.0,14.0,26.0,12.0,11.0,29.0,61.0,gold
422,"Oblak, Jan",0,0,0,ATL,Oblak,Jan,JanOblATL,Jan,Oblak,Slovenia,ATL,Goalkeeper,26.0,43.0,34.0,11.0,14.0,26.0,12.0,11.0,29.0,60.0,gold
423,"Savic, Stefan",0,0,2,ATL,Savic,Stefan,SteSavATL,Stefan,Savić,Montenegro,ATL,Centre Back,28.0,55.0,84.0,34.0,28.0,70.0,31.0,38.0,73.0,62.0,gold
424,"Savic, Stefan",0,0,2,ATL,Savic,Stefan,SteSavATL,Stefan,Savić,Montenegro,ATL,Centre Back,28.0,55.0,83.0,34.0,28.0,69.0,31.0,37.0,72.0,61.0,gold
427,"Werner, Axel",0,0,0,HUE,Werner,Axel,AxeWerHUE,Axel,Werner,Argentina,HUE,Goalkeeper,22.0,41.0,24.0,19.0,15.0,19.0,18.0,23.0,25.0,46.0,silver
428,"Brasanac, Darko",0,1,4,ALA,Brasanac,Darko,DarBraALA,Darko,Brasanac,Serbia,ALA,Centre Midfielder,26.0,61.0,81.0,61.0,59.0,75.0,62.0,70.0,74.0,54.0,silver
429,"Bustinza, Unai",0,1,1,LGN,Bustinza,Unai,UnaBusLGN,Unai,Bustinza Martínez,Spain,LGN,Centre Back,26.0,66.0,71.0,30.0,35.0,53.0,38.0,33.0,72.0,68.0,gold
431,"Eraso, Javi",0,1,1,LGN,Eraso,Javi,JavEraLGN,Javier,Eraso Goñi,Spain,LGN,Centre Attacking Midfielder,28.0,59.0,82.0,78.0,59.0,79.0,75.0,53.0,80.0,59.0,gold
435,"Siovas, Dimitrios",0,1,7,LGN,Siovas,Dimitrios,DimSioLGN,Dimitrios,Siovas,Greece,LGN,Centre Back,30.0,40.0,80.0,38.0,28.0,70.0,37.0,40.0,70.0,37.0,silver
437,"Zaldua, Joseba",0,0,1,RSO,Zaldua,Joseba,JosZalRSO,Joseba,Zaldúa Bengoetxea,Spain,RSO,Right Back,26.0,69.0,78.0,25.0,41.0,55.0,40.0,32.0,78.0,69.0,silver
438,"Zaldua, Joseba",0,0,1,RSO,Zaldua,Joseba,JosZalRSO,Joseba,Zaldúa Bengoetxea,Spain,RSO,Right Back,26.0,69.0,78.0,25.0,41.0,55.0,40.0,32.0,78.0,69.0,gold
440,"Arambarri, Mauro",0,2,6,GET,Arambarri,Mauro,MauAraGET,Mauro,Arambarri,Uruguay,GET,Centre Defensive Midfielder,23.0,47.0,79.0,49.0,46.0,78.0,55.0,50.0,79.0,53.0,gold
441,"Bergara, Markel",0,0,0,GET,Bergara,Markel,MarBerGET,Markel,Bergara Larrañaga,Spain,GET,Centre Defensive Midfielder,32.0,64.0,79.0,67.0,71.0,76.0,68.0,59.0,78.0,32.0,gold
443,"Cabrera, Leandro",0,0,5,GET,Cabrera,Leandro,LeaCabGET,Leandro,Cabrera,Uruguay,GET,Centre Back,27.0,61.0,78.0,23.0,48.0,59.0,35.0,49.0,69.0,64.0,silver
444,"Portillo, Francisco",0,1,1,GET,Portillo,Francisco,FraPorGET,Francisco,Portillo Soler,Spain,GET,Right Midfielder,28.0,67.0,48.0,73.0,56.0,75.0,70.0,49.0,78.0,61.0,gold
445,"Shibasaki, Gaku",0,0,1,GET,Shibasaki,Gaku,GakShiGET,Gaku,Shibasaki,Japan,GET,Centre Attacking Midfielder,26.0,69.0,65.0,70.0,67.0,79.0,66.0,71.0,81.0,67.0,gold
447,"Alegria, Alex",0,1,1,RV,Alegria,Alex,AleAleRV,Alexander,Alegría Moreno,Spain,RV,Striker,26.0,48.0,53.0,70.0,22.0,39.0,66.0,63.0,65.0,54.0,silver
448,"Boateng, Emmanuel",0,2,12,LEV,Boateng,Emmanuel,EmmBoaLEV,Emmanuel,Boateng,Ghana,LEV,Striker,22.0,89.0,62.0,75.0,41.0,46.0,64.0,64.0,69.0,88.0,gold
449,"Cabaco, Erick",0,0,0,LEV,Cabaco,Erick,EriCabLEV,Erick,Cabaco,Uruguay,LEV,Centre Back,23.0,67.0,82.0,36.0,27.0,62.0,34.0,32.0,62.0,67.0,gold
451,"Doukoure, Cheick",0,0,0,LEV,Doukoure,Cheick,CheDouLEV,Cheick,Doukouré,Côte d'Ivoire,LEV,Centre Defensive Midfielder,26.0,76.0,77.0,58.0,66.0,68.0,66.0,59.0,72.0,74.0,silver
453,"Luna, Antonio",0,1,1,LEV,Luna,Antonio,AntLunLEV,Antonio Manuel,Luna Rodriguez,Spain,LEV,Left Back,27.0,71.0,82.0,60.0,45.0,63.0,55.0,43.0,76.0,72.0,silver
457,"Hervias, Pablo",0,1,4,EIB,Hervias,Pablo,PabHerEIB,Pablo,Hervías Rubio,Spain,EIB,Right Midfielder,25.0,80.0,42.0,65.0,67.0,66.0,64.0,51.0,69.0,78.0,silver
458,"Diakhaby, Mouctar",0,0,2,VAL,Diakhaby,Mouctar,MouDiaVAL,Mouctar,Diakhaby,France,VAL,Centre Back,22.0,57.0,76.0,36.0,26.0,53.0,29.0,50.0,69.0,60.0,gold
459,"Diakhaby, Mouctar",0,0,2,VAL,Diakhaby,Mouctar,MouDiaVAL,Mouctar,Diakhaby,France,VAL,Centre Back,22.0,57.0,76.0,36.0,26.0,52.0,29.0,49.0,68.0,59.0,gold
460,"Amadou, Ibrahim",0,0,1,SEV,Amadou,Ibrahim,IbrAmaSEV,Ibrahim,Amadou,France,SEV,Centre Defensive Midfielder,25.0,69.0,80.0,39.0,32.0,73.0,62.0,51.0,76.0,73.0,gold
462,"Lunin, Andriy",0,0,0,LGN,Lunin,Andriy,AndLunLGN,Andriy,Lunin,Ukraine,LGN,Goalkeeper,19.0,33.0,22.0,8.0,15.0,26.0,7.0,19.0,25.0,26.0,gold
465,"Garcia, Alberto",0,0,0,RV,Garcia,Alberto,AlbGarRV,Alberto,García Cabrera,Spain,RV,Goalkeeper,33.0,62.0,34.0,15.0,20.0,27.0,11.0,21.0,29.0,63.0,silver
466,"Vaclik, Tomas",0,0,0,SEV,Vaclik,Tomas,TomVacSEV,Tomáš,Vaclík,Czech Republic,SEV,Goalkeeper,29.0,34.0,29.0,14.0,16.0,38.0,16.0,13.0,17.0,35.0,gold
467,"Velazquez, Emiliano",0,1,2,RV,Velazquez,Emiliano,EmiVelRV,Emiliano,Velázquez,Uruguay,RV,Centre Back,24.0,63.0,69.0,51.0,26.0,71.0,41.0,37.0,67.0,46.0,silver
468,"Ojeda, Daniel",0,1,2,LGN,Ojeda,Daniel,DanOjeLGN,Daniel,Ojeda Saranova,Spain,LGN,Left Midfielder,24.0,71.0,38.0,69.0,43.0,66.0,58.0,72.0,64.0,68.0,silver
469,"Tarin, Rodrigo",0,1,3,LGN,Tarin,Rodrigo,RodTarLGN,Rodrigo,Tarín Higón,Spain,LGN,Centre Back,22.0,69.0,68.0,19.0,30.0,52.0,41.0,40.0,59.0,71.0,bronze
472,"Longo, Samuele",0,2,4,HUE,Longo,Samuele,SamLonHUE,Samuele,Longo,Italy,HUE,Striker,27.0,74.0,80.0,74.0,43.0,40.0,67.0,64.0,65.0,77.0,silver
473,"Robles, Joel",0,0,0,BET,Robles,Joel,JoeRobBET,Joel,Robles Blázquez,Spain,BET,Goalkeeper,28.0,46.0,23.0,11.0,20.0,26.0,11.0,15.0,15.0,50.0,gold
474,"Guardiola, Sergi",0,0,2,GET,Guardiola,Sergi,SerGuaGET,Sergio,Guardiola Navarro,Spain,GET,Striker,27.0,61.0,67.0,80.0,43.0,41.0,77.0,71.0,72.0,61.0,gold
477,"Costas, David",0,0,1,CEL,Costas,David,DavCosCEL,David,Costas Cordal,Spain,CEL,Centre Back,23.0,68.0,64.0,36.0,59.0,62.0,44.0,50.0,70.0,67.0,silver
478,"Hjulsager, Andrew",0,0,0,CEL,Hjulsager,Andrew,AndHjuCEL,Andrew,Hjulsager,Denmark,CEL,Centre Midfielder,24.0,79.0,58.0,69.0,55.0,68.0,65.0,53.0,71.0,77.0,silver
480,"Yokuslu, Okay",0,0,4,CEL,Yokuslu,Okay,OkaYokCEL,Okay,Yokuşlu,Turkey,CEL,Centre Defensive Midfielder,24.0,72.0,81.0,65.0,65.0,72.0,75.0,60.0,77.0,74.0,gold
481,"Alena, Carles",0,0,1,BAR,Alena,Carles,CarAleBAR,Carles,Aleñà Castillo,Spain,BAR,Centre Midfielder,21.0,78.0,52.0,63.0,59.0,67.0,67.0,73.0,69.0,76.0,silver
483,"Cucurella, Marc",0,0,2,EIB,Cucurella,Marc,MarCucEIB,Marc,Cucurella Saseta,Spain,EIB,Left Midfielder,20.0,83.0,78.0,58.0,56.0,71.0,47.0,46.0,80.0,87.0,gold
484,"Cucurella, Marc",0,0,2,EIB,Cucurella,Marc,MarCucEIB,Marc,Cucurella Saseta,Spain,EIB,Left Midfielder,20.0,83.0,78.0,58.0,56.0,71.0,47.0,46.0,80.0,87.0,gold
485,"Cucurella, Marc",0,0,2,EIB,Cucurella,Marc,MarCucEIB,Marc,Cucurella Saseta,Spain,EIB,Left Back,20.0,82.0,70.0,49.0,48.0,61.0,40.0,39.0,68.0,85.0,silver
487,"Musto, Damian",0,0,5,HUE,Musto,Damian,DamMusHUE,Damián,Musto,Argentina,HUE,Centre Defensive Midfielder,31.0,42.0,78.0,34.0,50.0,76.0,67.0,40.0,79.0,49.0,silver
493,"Masip, Jordi",0,0,0,VLD,Masip,Jordi,JorMasVLD,Jordi,Masip López,Spain,VLD,Goalkeeper,30.0,57.0,21.0,12.0,20.0,38.0,13.0,12.0,42.0,64.0,silver
494,"Moyano, Javi",0,2,3,VLD,Moyano,Javi,JavMoyVLD,Javier,Moyano Lujano,Spain,VLD,Right Back,32.0,79.0,65.0,33.0,53.0,49.0,51.0,46.0,62.0,77.0,silver
497,"Ba, Abdoulaye",0,2,2,RV,Ba,Abdoulaye,AbdBaRV,Abdoulaye,Ba,Senegal,RV,Centre Back,28.0,49.0,80.0,22.0,59.0,41.0,50.0,68.0,58.0,53.0,silver
499,"Moreno, Alex",0,2,8,RV,Moreno,Alex,AleMorRV,Alexandre,Moreno Lopera,Spain,RV,Left Back,25.0,71.0,49.0,64.0,57.0,64.0,60.0,70.0,72.0,78.0,silver
500,"Akieme Rodriguez, Sergio",0,0,0,RV,Akieme Rodriguez,Sergio,SerAkiRV,Sergio,Akieme Rodríguez,Spain,RV,Left Back,21.0,76.0,65.0,26.0,36.0,43.0,44.0,40.0,62.0,73.0,silver
501,"Guerra, Javi",0,0,1,RV,Guerra,Javi,JavGueRV,Javier,Guerra Rodríguez,Spain,RV,Striker,36.0,58.0,59.0,71.0,50.0,57.0,67.0,80.0,63.0,64.0,silver
506,"Ferreiro, David",0,5,10,HUE,Ferreiro,David,DavFerHUE,David,Ferreiro Quiroga,Spain,HUE,Left Midfielder,30.0,92.0,74.0,72.0,74.0,71.0,75.0,69.0,70.0,90.0,silver
507,"Insua, Pablo",0,0,0,HUE,Insua,Pablo,PabInsHUE,Pablo,Insua Blanco,Spain,HUE,Centre Back,25.0,52.0,70.0,36.0,23.0,62.0,29.0,32.0,74.0,54.0,gold
508,"Sastre, Lluis",0,0,0,HUE,Sastre,Lluis,LluSasHUE,Lluís,Sastre Reus,Spain,HUE,Centre Midfielder,32.0,58.0,75.0,54.0,72.0,76.0,64.0,57.0,75.0,57.0,silver
509,"Gnagnon, Joris",0,0,0,SEV,Gnagnon,Joris,JorGnaSEV,Joris,Gnagnon,France,SEV,Centre Back,22.0,66.0,76.0,28.0,28.0,47.0,27.0,47.0,65.0,66.0,gold
510,"Piccini, Cristiano",0,0,4,VAL,Piccini,Cristiano,CriPicVAL,Cristiano,Piccini,Italy,VAL,Right Back,26.0,74.0,74.0,32.0,37.0,59.0,35.0,35.0,74.0,77.0,gold
511,"Piccini, Cristiano",0,0,4,VAL,Piccini,Cristiano,CriPicVAL,Cristiano,Piccini,Italy,VAL,Right Back,26.0,74.0,74.0,32.0,37.0,59.0,35.0,35.0,73.0,76.0,gold
512,"Reguilon, Sergio",0,0,0,RMD,Reguilon,Sergio,SerRegRMD,Sergio,Reguilón Rodríguez,Spain,RMD,Left Back,22.0,67.0,55.0,22.0,39.0,25.0,33.0,42.0,54.0,62.0,bronze
514,"Arias, Santiago",0,0,3,ATL,Arias,Santiago,SanAriATL,Santiago,Arias,Colombia,ATL,Right Back,27.0,87.0,84.0,52.0,61.0,82.0,51.0,58.0,83.0,90.0,gold
515,"Arias, Santiago",0,0,3,ATL,Arias,Santiago,SanAriATL,Santiago,Arias,Colombia,ATL,Right Back,27.0,84.0,80.0,51.0,54.0,74.0,50.0,57.0,75.0,87.0,gold
516,"Arias, Santiago",0,0,3,ATL,Arias,Santiago,SanAriATL,Santiago,Arias,Colombia,ATL,Right Back,27.0,84.0,79.0,51.0,54.0,73.0,50.0,56.0,74.0,86.0,gold
517,"Jensen, Mathias",0,0,2,CEL,Jensen,Mathias,MatJenCEL,Mathias,Jensen,Denmark,CEL,Centre Midfielder,23.0,74.0,65.0,65.0,66.0,75.0,69.0,69.0,76.0,74.0,gold
518,"Alonso, Junior",0,2,3,CEL,Alonso,Junior,JunAloCEL,Junior,Alonso,Paraguay,CEL,Centre Back,25.0,58.0,76.0,38.0,27.0,63.0,46.0,33.0,65.0,64.0,silver
522,"Jovanovic, Aleksandar",0,0,0,HUE,Jovanovic,Aleksandar,AleJovHUE,Aleksandar,Jovanović,Serbia,HUE,Goalkeeper,26.0,22.0,20.0,8.0,10.0,15.0,8.0,14.0,22.0,22.0,silver
525,"Rolan, Diego",0,0,2,LGN,Rolan,Diego,DieRolLGN,Diego,Rolán,Uruguay,LGN,Striker,25.0,74.0,64.0,77.0,70.0,62.0,63.0,75.0,74.0,78.0,gold
526,"En-Nesyri, Youssef",0,3,14,LGN,En-Nesyri,Youssef,YouEn-LGN,Youssef,En-Nesyri,Morocco,LGN,Striker,21.0,75.0,37.0,73.0,47.0,46.0,68.0,59.0,63.0,77.0,silver
527,"Santos, Michael",0,3,8,LGN,Santos,Michael,MicSanLGN,Michael,Santos,Uruguay,LGN,Striker,25.0,77.0,80.0,73.0,62.0,57.0,69.0,70.0,65.0,75.0,silver
528,"Nyom, Allan",0,0,0,LGN,Nyom,Allan,AllNyoLGN,Allan,Nyom,Cameroon,LGN,Right Back,30.0,67.0,80.0,27.0,30.0,64.0,66.0,37.0,63.0,76.0,silver
529,"Omeruo, Kenneth",0,0,0,LGN,Omeruo,Kenneth,KenOmeLGN,Kenneth,Omeruo,Nigeria,LGN,Centre Back,25.0,67.0,76.0,22.0,23.0,60.0,31.0,35.0,63.0,75.0,silver
530,"Roberts, Patrick",0,2,3,GIR,Roberts,Patrick,PatRobGIR,Patrick,Roberts,England,GIR,Right Midfielder,21.0,79.0,38.0,68.0,49.0,65.0,67.0,62.0,73.0,74.0,silver
531,"Doumbia, Seydou",0,0,1,GIR,Doumbia,Seydou,SeyDouGIR,Seydou,Doumbia,Côte d'Ivoire,GIR,Striker,31.0,89.0,66.0,81.0,75.0,68.0,75.0,88.0,76.0,94.0,gold
532,"Doumbia, Seydou",0,0,1,GIR,Doumbia,Seydou,SeyDouGIR,Seydou,Doumbia,Côte d'Ivoire,GIR,Striker,31.0,87.0,60.0,73.0,69.0,63.0,68.0,80.0,70.0,91.0,gold
533,"De Blasis, Pablo",0,2,4,EIB,De Blasis,Pablo,PabDe EIB,Pablo,De Blasis,Argentina,EIB,Left Midfielder,30.0,81.0,74.0,72.0,62.0,66.0,72.0,79.0,74.0,75.0,gold
534,"Bigas, Pedro",0,0,2,EIB,Bigas,Pedro,PedBigEIB,Pedro,Bigas Rigo,Spain,EIB,Centre Back,28.0,71.0,83.0,49.0,43.0,60.0,47.0,48.0,72.0,72.0,gold
535,"Miquel, Ignasi",0,0,0,GET,Miquel,Ignasi,IgnMiqGET,Ignasi,Miquel i Pons,Spain,GET,Centre Back,26.0,64.0,75.0,18.0,24.0,58.0,21.0,43.0,69.0,66.0,silver
538,"Dwamena, Raphael",0,0,0,LEV,Dwamena,Raphael,RapDwaLEV,Raphael,Dwamena,Ghana,LEV,Striker,23.0,76.0,47.0,74.0,42.0,41.0,67.0,66.0,58.0,82.0,silver
539,"Vukcevic, Nikola",0,0,0,LEV,Vukcevic,Nikola,NikVukLEV,Nikola,Vukčević,Montenegro,LEV,Centre Defensive Midfielder,27.0,64.0,85.0,38.0,64.0,70.0,61.0,53.0,79.0,56.0,gold
540,"Prcic, Sanjin",0,0,4,LEV,Prcic,Sanjin,SanPrcLEV,Sanjin,Prcić,Bosnia and Herzegovina,LEV,Centre Defensive Midfielder,25.0,62.0,70.0,61.0,73.0,73.0,60.0,63.0,76.0,65.0,silver
541,"Kalinic, Nikola",0,1,4,ATL,Kalinic,Nikola,NikKalATL,Nikola,Kalinić,Croatia,ATL,Striker,31.0,67.0,68.0,84.0,54.0,48.0,60.0,70.0,73.0,74.0,gold
542,"Kalinic, Nikola",0,1,4,ATL,Kalinic,Nikola,NikKalATL,Nikola,Kalinić,Croatia,ATL,Striker,31.0,67.0,68.0,83.0,54.0,48.0,60.0,70.0,72.0,73.0,gold
543,"Gonalons, Maxime",0,0,0,SEV,Gonalons,Maxime,MaxGonSEV,Maxime,Gonalons,France,SEV,Centre Defensive Midfielder,29.0,65.0,83.0,55.0,57.0,74.0,59.0,68.0,74.0,55.0,gold
546,"Courtois, Thibaut",0,0,0,RMD,Courtois,Thibaut,ThiCouRMD,Thibaut,Courtois,Belgium,RMD,Goalkeeper,26.0,47.0,23.0,14.0,20.0,35.0,17.0,27.0,33.0,53.0,gold
547,"Courtois, Thibaut",0,0,0,RMD,Courtois,Thibaut,ThiCouRMD,Thibaut,Courtois,Belgium,RMD,Goalkeeper,26.0,46.0,23.0,14.0,20.0,35.0,17.0,27.0,33.0,52.0,gold
552,"Elustondo, Gorka",0,0,2,RV,Elustondo,Gorka,GorEluRV,Gorka,Elustondo Urkola,Spain,RV,Centre Midfielder,31.0,49.0,88.0,59.0,80.0,73.0,74.0,67.0,76.0,61.0,silver
558,"Muniesa, Marc",0,0,2,GIR,Muniesa,Marc,MarMunGIR,Marc,Muniesa Martínez,Spain,GIR,Centre Back,26.0,42.0,78.0,42.0,40.0,56.0,37.0,50.0,73.0,59.0,silver
560,"Milla, Pere",0,0,4,EIB,Milla,Pere,PerMilEIB,Pere,Milla Peña,Spain,EIB,Centre Attacking Midfielder,26.0,78.0,45.0,75.0,58.0,60.0,70.0,62.0,67.0,76.0,silver
